female_band,male_band,nestling_band,hatch_order,nest,site,brood,hatch_date,sample_date,nestling_age,nestling_number,extract_time,nos_mites,mites_tp,rt_wing_length,mass_pre_obs,mass_post_obs,post_obs_extract_time,3min_glucose,3min_glucose_time,15min_glucose,15min_glucose_time,blood_amount_lysis,blood_amount_rna,lysis_sample,rna_sample,feathers,survive_at_sampling,notes
2640-97398,2850-57907,,,68,Grizz,1,6/2/21,6/5/21,2,4,5:10,0,,7,2.29,2.24,7:00,,,,,,,,,,Y,pre and post obs extraction times are approximations based on SAM's field notebook
2640-97398,2850-57907,,,68,Grizz,1,6/2/21,6/5/21,3,4,5:10,0,,8,2.85,2.94,7:00,,,,,,,,,,Y,pre and post obs extraction times are approximations based on SAM's field notebook
2640-97398,2850-57907,,,68,Grizz,1,6/2/21,6/5/21,1,4,5:10,0,,7,1.8,1.88,7:00,,,,,,,,,,Y,pre and post obs extraction times are approximations based on SAM's field notebook
2640-97398,2850-57907,,,68,Grizz,1,6/2/21,6/5/21,2,4,5:10,0,,7,2.22,2.24,7:00,,,,,,,,,,Y,pre and post obs extraction times are approximations based on SAM's field notebook
2640-97398,2850-57907,2811-06999,,68,Grizz,1,6/2/21,6/10/21,8,4,3:52,0,,26,9.91,10.64,8:02,199,2:50,155,17:50,,,,,,Y,female on the nest
2640-97398,2850-57907,2811-06998,,68,Grizz,1,6/2/21,6/10/21,8,4,3:52,0,,23,8.68,9.04,8:02,185,7:10,170,23:10,,,,,,Y,
2640-97398,2850-57907,2811-06991,,68,Grizz,1,6/2/21,6/10/21,8,4,3:52,0,,22.5,8.81,9.32,8:02,135,7:52,156,24:30:00,,,,,,Y,
2640-97398,2850-57907,2811-06992,,68,Grizz,1,6/2/21,6/10/21,8,4,3:52,0,,15,6.01,6.31,8:02,155,9:46,173,26:00:00,,,,,,Y,
2640-97398,2850-57907,2811-06999,,68,Grizz,1,6/2/21,6/14/21,12,4,4:37,0,,51,14.26,14.62,7:04,232,4:45,275,20:12,0.3,0.2,Y,Y,Y,Y,
2640-97398,2850-57907,2811-06998,,68,Grizz,1,6/2/21,6/14/21,12,4,4:37,0,,45.5,13.38,13.82,7:04,176,1:30,185,16:30,0.5,0.5,Y,Y,Y,Y,
2640-97398,2850-57907,2811-06991,,68,Grizz,1,6/2/21,6/14/21,12,4,4:37,0,,46,13.54,13.81,7:04,148,5:30,182,27:16:00,0.5,0.5,Y,Y,Y,Y,
2640-97398,2850-57907,2811-06992,,68,Grizz,1,6/2/21,6/14/21,12,4,4:37,0,,31,10.35,9.87,7:04,129,2:30,132,24:16:00,0.5,0.3,Y,Y,Y,Y,
2850-57860,UNB,,,154,Grizz,1,6/7/21,6/10/21,3,5,4:32,0,,10,3.37,3.58,8:10,,,,,,,,,,Y,
2850-57860,UNB,,,154,Grizz,1,6/7/21,6/10/21,3,5,4:32,0,,10,3.66,3.85,8:10,,,,,,,,,,Y,
2850-57860,UNB,,,154,Grizz,1,6/7/21,6/10/21,3,5,4:32,0,,8,3.11,3.35,8:10,,,,,,,,,,Y,
2850-57860,UNB,,,154,Grizz,1,6/7/21,6/10/21,3,5,4:32,0,,9,3.09,3.3,8:10,,,,,,,,,,Y,
2850-57860,UNB,,,154,Grizz,1,6/7/21,6/10/21,3,5,4:32,0,,10,3.86,4.14,8:10,,,,,,,,,,Y,
2850-57860,UNB,2811-06995,,154,Grizz,1,6/7/21,6/15/21,8,5,5:03,0,,29,10.48,10.23,8:15,159,1:35,,,,,,,,Y,Deformed tarsi
2850-57860,UNB,2811-06996,,154,Grizz,1,6/7/21,6/15/21,8,5,5:03,0,,27,9.26,9.14,8:15,171,2:31,152,19:20,,,,,,Y,Strangely shaped leg -- old break?; Found dead 6/22
2850-57860,UNB,2811-07000,,154,Grizz,1,6/7/21,6/15/21,8,5,5:03,1,,28.5,10.15,10.03,8:15,160,3:45,161,21:15,,,,,,Y,
2850-57860,UNB,2811-39026,,154,Grizz,1,6/7/21,6/15/21,8,5,5:03,0,,31.5,10.77,10.59,8:15,175,4:10,175,22:14,,,,,,Y,
2850-57860,UNB,2811-39027,,154,Grizz,1,6/7/21,6/15/21,8,5,5:03,0,,29,10.13,10.05,8:15,188,5:20,211,23:01,,,,,,Y,
2850-57860,UNB,2811-07000,,154,Grizz,1,6/7/21,6/19/21,12,3,5:18,0,,51,14.36,13.98,8:04,187,2:04,278,17:54,0.2,0.1,Y,Y,Y,Y,clotty blood
2850-57860,UNB,2811-39026,,154,Grizz,1,6/7/21,6/19/21,12,3,5:18,0,,51.5,13.71,14.27,8:04,184,2:45,223,20:59,0.2,0.1,Y,Y,Y,Y,clotty blood
2850-57860,UNB,2811-06996,,154,Grizz,1,6/7/21,6/19/21,12,3,5:18,0,,37,10.88,8.1,8:04,130,3:18,117,23:00,0.25,0,Y,N,Y,Y,Strangely shaped leg -- old break?; Found dead 6/22
2850-57860,UNB,2811-39027,,154,Grizz,1,6/7/21,6/19/21,12,3,,,,,,,,,,,,,,N,N,N,N,
2850-57860,UNB,2811-06995,,154,Grizz,1,6/7/21,6/19/21,12,3,,,,,,,,,,,,,,N,N,N,N,
2850-57711,2850-57473,,,1,Van Loon,1,6/7/21,6/10/21,3,3,5:15,0,,9,3.92,4.07,7:07,,,,,,,,,,Y,
2850-57711,2850-57473,,,1,Van Loon,1,6/7/21,6/10/21,3,3,5:15,0,,8.5,3.68,3.84,7:07,,,,,,,,,,Y,
2850-57711,2850-57473,,,1,Van Loon,1,6/7/21,6/10/21,3,3,5:15,0,,9,3.68,3.92,7:07,,,,,,,,,,Y,
2850-57711,2850-57473,2811-06994,,1,Van Loon,1,6/7/21,6/15/21,8,3,4:01,5,,28.5,13.23,13.61,7:20,133,1:25,164,17:30,,,,,,Y,
2850-57711,2850-57473,2811-06997,,1,Van Loon,1,6/7/21,6/15/21,8,3,4:01,3,,28.5,12.81,13.31,7:20,130,2:35,165,18:30,,,,,,Y,
2850-57711,2850-57473,2811-06993,,1,Van Loon,1,6/7/21,6/15/21,8,3,4:01,8,,30,12.99,13.29,7:20,155,3:56,126,19:30,,,,,,Y,
2850-57711,2850-57473,2811-06997,,1,Van Loon,1,6/7/21,6/19/21,12,3,3:25,7,,53,17.11,16.44,7:35,221,1:57,272,17:20,0.33,0.5,Y,Y,Y,Y,
2850-57711,2850-57473,2811-06994,,1,Van Loon,1,6/7/21,6/19/21,12,3,3:25,11,,51.5,18.4,17.93,7:35,214,2:59,310,19:50,0.5,0.5,Y,Y,Y,Y,
2850-57711,2850-57473,2811-06993,,1,Van Loon,1,6/7/21,6/19/21,12,3,3:25,7,,54,17.88,17.56,7:35,270,3:40,304,22:10,0.33,0.5,Y,Y,Y,Y,
2850-57520,UNB,,,156,Grizz,1,6/9/21,6/12/21,4,4,4:20,0,,12,5.87,6.16,6:50,,,,,,,,,,Y,
2850-57520,UNB,,,156,Grizz,1,6/9/21,6/12/21,4,4,4:20,0,,13,5.81,6.1,6:50,,,,,,,,,,Y,
2850-57520,UNB,,,156,Grizz,1,6/9/21,6/12/21,4,4,4:20,0,,11.5,5.48,5.68,6:50,,,,,,,,,,Y,
2850-57520,UNB,,,156,Grizz,1,6/9/21,6/12/21,3,4,4:20,0,,8,3.25,3.16,6:50,,,,,,,,,,Y,
2850-57520,UNB,2811-39199,,156,Grizz,1,6/9/21,6/17/21,9,4,4:38,0,,32.5,11.7,12.24,7:18,191,1:38,175,16:22,,,,,,Y,
2850-57520,UNB,2811-39125,,156,Grizz,1,6/9/21,6/17/21,9,4,4:38,0,,32.5,10.49,10.61,7:18,209,2:10,285,17:25,,,,,,Y,
2850-57520,UNB,2811-39126,,156,Grizz,1,6/9/21,6/17/21,9,4,4:38,0,,22,6.89,7,7:18,202,2:57,272,19:46,,,,,,Y,
2850-57520,UNB,2811-39127,,156,Grizz,1,6/9/21,6/17/21,9,4,4:38,0,,35,11.1,11.13,7:18,219,3:25,233,22:38,,,,,,Y,
2850-57520,UNB,2811-39127,,156,Grizz,1,6/9/21,6/21/21,13,3,4:58,0,,55.5,15.12,14.61,7:19,197,2:10,213,17:53,0.5,0.6,Y,Y,Y,Y,
2850-57520,UNB,2811-39199,,156,Grizz,1,6/9/21,6/21/21,13,3,4:58,0,,54,16.52,16.62,7:19,216,2:35,224,18:50,0.4,0.3,Y,Y,Y,Y,
2850-57520,UNB,2811-39125,,156,Grizz,1,6/9/21,6/21/21,13,3,4:58,0,,56,15.1,15.16,7:19,206,3:40,211,22:39,0.4,0.3,Y,Y,Y,Y,
2850-57520,UNB,2811-39126,,156,Grizz,1,6/9/21,6/21/21,13,3,,,,,,,,,,,,,,N,N,N,N,
2640-97390,2850-57866,,1,139,Grizz,1,6/9/21,6/12/21,3,4,4:35,0,,9,4.08,4.2,6:55,,,,,,,,,,Y,mom not on nest;
2640-97390,2850-57866,,1,139,Grizz,1,6/9/21,6/12/21,3,4,4:35,0,,9,4.23,4.4,6:55,,,,,,,,,,Y,mom not on nest;
2640-97390,2850-57866,,1,139,Grizz,1,6/9/21,6/12/21,3,4,4:35,0,,9,3.62,3.65,6:55,,,,,,,,,,Y,mom not on nest;
2640-97390,2850-57866,,2,139,Grizz,1,6/9/21,6/12/21,2,4,4:35,0,,7.5,2.52,2.56,6:55,,,,,,,,,,Y,mom not on nest; likely day 2 based on size
2640-97390,2850-57866,2811-39128,,139,Grizz,1,6/9/21,6/17/21,8,4,5:19,0,,30,10.71,10.91,7:20,246,1:14,212,16:08,,,,,,Y,
2640-97390,2850-57866,2811-39129,,139,Grizz,1,6/9/21,6/17/21,8,4,5:19,0,,27,8.31,8.48,7:20,118,1:53,192,17:49,,,,,,Y,
2640-97390,2850-57866,2811-39131,,139,Grizz,1,6/9/21,6/17/21,8,4,5:19,0,,24,8.81,8.99,7:20,175,2:53,201,19:40,,,,,,Y,
2640-97390,2850-57866,2811-39130,,139,Grizz,1,6/9/21,6/17/21,8,4,5:19,0,,29.5,10.53,10.37,7:20,209,3:45,209,21:20,,,,,,Y,
2640-97390,2850-57866,2811-39130,,139,Grizz,1,6/9/21,6/21/21,12,3,5:30,0,,50,15.3,15.16,7:24,147,1:44,197,17:43,0.5,0.4,Y,Y,Y,Y,
2640-97390,2850-57866,2811-39131,,139,Grizz,1,6/9/21,6/21/21,12,3,5:30,0,,44.5,15.34,15.79,7:24,162,2:17,175,20:24,0.2,0.2,Y,Y,Y,Y,
2640-97390,2850-57866,2811-39128,,139,Grizz,1,6/9/21,6/21/21,12,3,5:30,0,,50.5,16.58,16.08,7:24,192,2:50,216,23:32,0.3,0.4,Y,Y,Y,Y,
2640-97390,2850-57866,2811-39129,,139,Grizz,1,6/9/21,6/21/21,12,3,,,,,,,,,,,,,,N,N,N,N,
2640-97484,MB R,,,102,Grizz,1,6/9/21,6/12/21,3,4,4:50,0,,9,4.57,4.74,7:05,,,,,,,,,,Y,pre-obs extract time not recorded so estimated based on Grizz 156 and Grizz 139
2640-97484,MB R,,,102,Grizz,1,6/9/21,6/12/21,3,4,4:50,0,,9.5,4.72,4.8,7:05,,,,,,,,,,Y,pre-obs extract time not recorded so estimated based on Grizz 156 and Grizz 140
2640-97484,MB R,,,102,Grizz,1,6/9/21,6/12/21,2,4,4:50,0,,8,3.13,3.26,7:05,,,,,,,,,,Y,pre-obs extract time not recorded so estimated based on Grizz 156 and Grizz 141
2640-97484,MB R,,,102,Grizz,1,6/9/21,6/12/21,2,4,4:50,0,,8,3.35,3.53,7:05,,,,,,,,,,Y,pre-obs extract time not recorded so estimated based on Grizz 156 and Grizz 142
2640-97484,MB R,2811-39122,,102,Grizz,1,6/9/21,6/17/21,8,4,4:11,0,,24,9.66,9.94,7:30,191,1:56,202,16:12,,,,,,Y,
2640-97484,MB R,2811-39123,,102,Grizz,1,6/9/21,6/17/21,8,4,4:11,0,,31.5,12.54,12.02,7:30,221,3:00,199,18:00,,,,,,Y,
2640-97484,MB R,2811-39124,,102,Grizz,1,6/9/21,6/17/21,8,4,4:11,0,,28,10.46,11.18,7:30,197,3:46,218,18:55,,,,,,Y,
2640-97484,MB R,2811-39121,,102,Grizz,1,6/9/21,6/17/21,8,4,4:11,0,,31.5,11.13,11.71,7:30,196,4:30,189,19:37,,,,,,Y,
2640-97484,MB R,2811-39122,,102,Grizz,1,6/9/21,6/21/21,12,4,4:21,0,,47,16.49,16.85,7:33,205,1:50,256,17:00,0.33,0.6,Y,Y,Y,Y,
2640-97484,MB R,2811-39124,,102,Grizz,1,6/9/21,6/21/21,12,4,4:21,0,,60.5,15.96,16.11,7:33,191,2:55,239,19:10,0.5,0.2,Y,Y,Y,Y,
2640-97484,MB R,2811-39123,,102,Grizz,1,6/9/21,6/21/21,12,4,4:21,0,,52,16.55,16.27,7:33,196,3:40,244,23:03,0.5,0.5,Y,Y,Y,Y,
2640-97484,MB R,2811-39121,,102,Grizz,1,6/9/21,6/21/21,12,4,4:21,0,,52,16.68,16.62,7:33,257,4:30,279,24:45:00,0.5,0.6,Y,Y,Y,Y,
2850-57482,2850-57716,,1,46,Grizz,1,6/11/21,6/14/21,3,1,4:28,0,,10,4.4,4.53,7:05,,,,,,,,,,Y,
2850-57482,2850-57716,2811-39132,1,46,Grizz,1,6/11/21,6/19/21,8,1,4:56,0,,32,14.22,14.13,8:12,216,2:00,243,17:40,,,,,,Y,
2850-57482,2850-57716,2811-39132,1,46,Grizz,1,6/11/21,6/23/21,12,1,4:13,0,,56.5,18.83,19.26,7:13,191,1:10,213,16:20,0.5,0.5,Y,Y,Y,Y,no post obs time recorded but likely ~7:13 based on behavioral obs times
2850-57519,2850-57862,,2,114,Grizz,1,6/12/21,6/15/21,2,3,4:55,0,,8,2.77,3,8:26,,,,,,,,,,Y,"based on size, likely a day 2"
2850-57519,2850-57862,,1,114,Grizz,1,6/12/21,6/15/21,3,3,4:55,0,,10,3.98,4.39,8:26,,,,,,,,,,Y,
2850-57519,2850-57862,,1,114,Grizz,1,6/12/21,6/15/21,3,3,4:55,0,,10,4.38,4.75,8:26,,,,,,,,,,Y,
2850-57519,2850-57862,2811-39133,,114,Grizz,1,6/12/21,6/21/21,9,3,3:54,0,,38,14.43,14.55,7:43,141,1:40,168,16:50,,,,,,Y,
2850-57519,2850-57862,2811-39134,,114,Grizz,1,6/12/21,6/21/21,9,3,3:54,0,,31,12.44,12.4,7:43,208,2:25,202,17:50,,,,,,Y,
2850-57519,2850-57862,2811-39135,,114,Grizz,1,6/12/21,6/21/21,9,3,3:54,0,,38,15.62,15.17,7:43,213,2:58,192,19:35,,,,,,Y,
2850-57519,2850-57862,2811-39134,,114,Grizz,1,6/12/21,6/24/21,12,3,4:26,0,,48.5,16.19,16.51,7:20,174,1:35,201,17:40,0.6,0.5,Y,Y,Y,Y,
2850-57519,2850-57862,2811-39133,,114,Grizz,1,6/12/21,6/24/21,12,3,4:26,0,,55,16.79,17.27,7:20,167,2:17,177,19:58,0.5,0.4,Y,Y,Y,Y,
2850-57519,2850-57862,2811-39135,,114,Grizz,1,6/12/21,6/24/21,12,3,4:26,0,,53.5,17.91,18.37,7:20,199,2:58,260,22:19,0.5,0.6,Y,Y,Y,Y,
2510-63484,2850-57710,,,11,Van loon,1,6/14/21,6/17/21,3,5,3:19,4,,8.5,3.1,3.23,8:08,,,,,,,,,,Y,
2510-63484,2850-57710,,,11,Van loon,1,6/14/21,6/17/21,2,5,3:19,1,,7,2.8,2.98,8:08,,,,,,,,,,Y,
2510-63484,2850-57710,,,11,Van loon,1,6/14/21,6/17/21,3,5,3:19,2,,9,3.36,3.68,8:08,,,,,,,,,,Y,
2510-63484,2850-57710,,,11,Van loon,1,6/14/21,6/17/21,3,5,3:19,1,,8,3.07,3.29,8:08,,,,,,,,,,Y,
2510-63484,2850-57710,,,11,Van loon,1,6/14/21,6/17/21,1,5,3:19,0,,7,1.7,1.91,8:08,,,,,,,,,,Y,
2510-63484,2850-57710,2811-39136,,11,Van loon,1,6/14/21,6/22/21,8,5,4:13,2,,27,12.51,12.29,8:00,,,,,,,,,,Y,very small veins
2510-63484,2850-57710,2811-39137,,11,Van loon,1,6/14/21,6/22/21,8,5,4:13,0,,29.5,14.23,14.27,8:00,193,3:03,,,,,,,,Y,not bleeding 
2510-63484,2850-57710,2811-39138,,11,Van loon,1,6/14/21,6/22/21,8,5,4:13,2,,28,12.69,12.44,8:00,222,3:54,194,21:22,,,,,,Y,
2510-63484,2850-57710,2811-39139,,11,Van loon,1,6/14/21,6/22/21,8,5,4:13,4,,24.5,9.37,9.72,8:00,213,4:30,231,22:20,,,,,,Y,"looks unhealthy, head drooping, small"
2510-63484,2850-57710,2811-39146,,11,Van loon,1,6/14/21,6/22/21,8,5,4:13,3,,20,9.82,9.86,8:00,246,4:58,249,23:20,,,,,,Y,too small for band 
2510-63484,2850-57710,2811-39137,,11,Van loon,1,6/14/21,6/26/21,12,5,3:33,16,,50.5,19.48,19.53,7:45,212,1:33,253,16:50,0.5,0.5,Y,Y,Y,Y,
2510-63484,2850-57710,2811-39136,,11,Van loon,1,6/14/21,6/26/21,12,5,3:33,22,,49,17.75,16.39,7:45,270,2:11,319,19:40,0.5,0.5,Y,Y,Y,Y,
2510-63484,2850-57710,2811-39146,,11,Van loon,1,6/14/21,6/26/21,12,5,3:33,3,,43.5,16.61,17.54,7:45,203,2:55,234,21:35,0.33,0.2,Y,Y,Y,Y,
2510-63484,2850-57710,2811-39138,,11,Van loon,1,6/14/21,6/26/21,12,5,3:33,2,,52,17.36,17.68,7:45,237,3:32,234,23:30,0.6,0.6,Y,Y,Y,Y,
2510-63484,2850-57710,2811-39139,,11,Van loon,1,6/14/21,6/26/21,12,5,3:33,16,,47.5,16.78,16.85,7:45,243,4:26,252,26:20:00,0.25,0.25,Y,Y,Y,Y,
2350-21096,2850-57717,,,61,Grizz,1,6/14/21,6/17/21,3,4,5:08,0,,9,3.09,3.24,7:25,,,,,,,,,,Y,
2350-21096,2850-57717,,,61,Grizz,1,6/14/21,6/17/21,3,4,5:08,0,,9,3.53,3.97,7:25,,,,,,,,,,Y,
2350-21096,2850-57717,,,61,Grizz,1,6/14/21,6/17/21,2,4,5:08,0,,8.5,3.11,3.42,7:25,,,,,,,,,,Y,
2350-21096,2850-57717,,,61,Grizz,1,6/14/21,6/17/21,3,4,5:08,0,,9.5,3.12,3.33,7:25,,,,,,,,,,Y,
2350-21096,2850-57717,2811-39140,,61,Grizz,1,6/14/21,6/22/21,8,4,5:21,0,,29,12.64,12.64,7:15,205,2:07,212,17:10,,,,,,Y,a few pooped 
2350-21096,2850-57717,2811-39141,,61,Grizz,1,6/14/21,6/22/21,8,4,5:21,0,,30,13.15,13.04,7:15,200,2:45,179,18:05,,,,,,Y,a few pooped 
2350-21096,2850-57717,2811-39142,,61,Grizz,1,6/14/21,6/22/21,8,4,5:21,0,,29.5,12.98,12.44,7:15,207,4:40,228,18:50,,,,,,Y,a few pooped 
2350-21096,2850-57717,2811-39143,,61,Grizz,1,6/14/21,6/22/21,8,4,5:21,0,,27.5,12.18,11.92,7:15,212,4:55,211,19:34,,,,,,Y,a few pooped 
2350-21096,2850-57717,2811-39143,,61,Grizz,1,6/14/21,6/26/21,12,4,5:22,0,,52,16.89,16.72,7:25,207,1:47,216,17:32,0.5,0.5,Y,Y,Y,Y,
2350-21096,2850-57717,2811-39140,,61,Grizz,1,6/14/21,6/26/21,12,4,5:22,0,,52.5,16.74,16.32,7:25,163,3:02,215,19:33,0.5,0.4,Y,Y,Y,Y,
2350-21096,2850-57717,2811-39141,,61,Grizz,1,6/14/21,6/26/21,12,4,5:22,0,,54,17.28,17.48,7:25,192,3:40,202,20:57,0.6,0.2,Y,Y,Y,Y,
2350-21096,2850-57717,2811-39142,,61,Grizz,1,6/14/21,6/26/21,12,4,5:22,0,,51.5,17.53,16.93,7:25,232,4:21,230,22:25,0.6,0.6,Y,Y,Y,Y,
2850-57861,2850-57713,,,6,Grizz,1,6/15/21,6/19/21,4,2,4:45,0,,13,5.51,5.95,8:17,,,,,,,,,,Y,
2850-57861,2850-57713,,,6,Grizz,1,6/15/21,6/19/21,3,2,4:45,0,,10,4.28,4.67,8:17,,,,,,,,,,Y,
2850-57861,2850-57713,2811-39145,,6,Grizz,1,6/15/21,6/24/21,9,2,5:00,0,,39,14.35,14.77,7:15,138,1:29,166,17:06,,,,,,Y,
2850-57861,2850-57713,2811-39144,,6,Grizz,1,6/15/21,6/24/21,9,2,5:00,0,,38.5,15.82,16.16,7:15,183,2:02,184,17:54,,,,,,Y,
2850-57861,2850-57713,2811-39145,,6,Grizz,1,6/15/21,6/28/21,13,2,3:25,0,,58,20.45,20.49,7:33,165,1:18,291,17:26,0.6,0.6,Y,Y,Y,Y,
2850-57861,2850-57713,2811-39144,,6,Grizz,1,6/15/21,6/28/21,13,2,3:25,0,,62,21.53,21.51,7:33,148,2:16,280,19:39,0.5,0.3,Y,Y,Y,Y,
2850-57604,2850-57701,,,110,Schaaps,1,6/15/21,6/19/21,3,3,4:26,0,,10,4.63,4.87,7:39,,,,,,,,,,Y,
2850-57604,2850-57701,,,110,Schaaps,1,6/15/21,6/19/21,3,3,4:26,0,,10,4.23,4.6,7:39,,,,,,,,,,Y,
2850-57604,2850-57701,,,110,Schaaps,1,6/15/21,6/19/21,4,3,4:26,0,,10.5,4.25,4.35,7:39,,,,,,,,,,Y,
2850-57604,2850-57701,2811-39152,,110,Schaaps,1,6/15/21,6/28/21,13,3,4:42,1,,56,18.57,18.39,8:42,208,1:40,291,16:43,0.6,0.6,Y,Y,Y,Y,
2850-57604,2850-57701,2811-39153,,110,Schaaps,1,6/15/21,6/28/21,13,3,4:42,0,,55,19.63,19.11,8:42,204,2:19,270,18:20,0.2,0.4,Y,Y,Y,Y,
2850-57604,2850-57701,2811-39154,,110,Schaaps,1,6/15/21,6/28/21,13,3,4:42,0,,56.5,19.8,19.93,8:42,230,3:05,289,19:54,0.6,0.6,Y,Y,Y,Y,
2850-57715,2850-57859,,1,140,Grizz,1,6/17/21,6/21/21,4,2,3:43,0,,11,5.53,5.61,7:30,,,,,,,,,,Y,
2850-57715,2850-57859,,2,140,Grizz,1,6/17/21,6/21/21,2,2,3:43,0,,7,2.05,2.12,7:30,,,,,,,,,,Y,day 2?
2850-57715,2850-57859,2811-39147,1,140,Grizz,1,6/17/21,6/26/21,9,2,5:12,0,,35.5,15.14,14.61,7:21,224,1:19,207,17:15,,,,,,Y,
2850-57715,2850-57859,2811-39169,2,140,Grizz,1,6/17/21,6/26/21,9,2,5:12,0,,19.5,7.96,8.49,7:21,,,,,,,,,,Y,not banded or bled because looks like a day 5
2850-57715,2850-57859,2811-39147,1,140,Grizz,1,6/17/21,6/29/21,12,2,5:03,0,,54,19.22,19.02,7:07,189,1:45,212,16:30,0.5,0.5,Y,Y,Y,Y,
2850-57715,2850-57859,2811-39169,2,140,Grizz,1,6/17/21,6/29/21,12,2,5:03,0,,38,14.92,15.06,7:07,211,2:35,163,19:05,0.4,0.33,Y,Y,N,Y,feathers not developed enough to sample
2850-57863,2850-57714,,,151,Grizz,1,6/19/21,6/22/21,3,5,5:12,0,,9,3.08,3.18,7:10,,,,,,,,,,Y,
2850-57863,2850-57714,,,151,Grizz,1,6/19/21,6/22/21,3,5,5:12,0,,9,3.04,3.15,7:10,,,,,,,,,,Y,
2850-57863,2850-57714,,,151,Grizz,1,6/19/21,6/22/21,2,5,5:12,0,,8,2.19,2.26,7:10,,,,,,,,,,Y,
2850-57863,2850-57714,,,151,Grizz,1,6/19/21,6/22/21,3,5,5:12,0,,9,3.28,3.58,7:10,,,,,,,,,,Y,
2850-57863,2850-57714,,,151,Grizz,1,6/19/21,6/22/21,1,5,5:12,0,,6,1.25,1.32,7:10,,,,,,,,,,Y,
2850-57863,2850-57714,2811-39148,,151,Grizz,1,6/19/21,6/28/21,9,5,3:54,0,,32.5,13.88,14.23,7:27,198,2:05,224,17:05,,,,,,Y,
2850-57863,2850-57714,2811-39149,,151,Grizz,1,6/19/21,6/28/21,9,5,3:54,0,,28,13.12,13.64,7:27,179,2:40,197,17:53,,,,,,Y,
2850-57863,2850-57714,2811-39150,,151,Grizz,1,6/19/21,6/28/21,9,5,3:54,0,,33,14.77,15.04,7:27,191,3:20,195,18:23,,,,,,Y,
2850-57863,2850-57714,2811-39151,,151,Grizz,1,6/19/21,6/28/21,9,5,3:54,0,,32,15.11,15.44,7:27,198,3:42,197,19:06,,,,,,Y,
2850-57863,2850-57714,2811-39170,,151,Grizz,1,6/19/21,6/28/21,9,5,3:54,0,,22,10.48,10.82,7:27,,,,,,,,,,Y,"no blood and no band, individual was a day 6"
2850-57863,2850-57714,2811-39150,,151,Grizz,1,6/19/21,7/1/21,12,5,5:05,1,,52,18.36,18.45,7:38,171,2:00,190,17:30,0.5,0.2,Y,Y,Y,Y,
2850-57863,2850-57714,2811-39170,,151,Grizz,1,6/19/21,7/1/21,12,5,5:05,0,,41,15.73,16.12,7:38,133,2:35,189,19:30,0.6,0.6,Y,Y,N,Y,too small for feathers
2850-57863,2850-57714,2811-39149,,151,Grizz,1,6/19/21,7/1/21,12,5,5:05,0,,45.5,17.19,17.52,7:38,194,3:00,215,20:34,0.6,0.6,Y,Y,Y,Y,
2850-57863,2850-57714,2811-39151,,151,Grizz,1,6/19/21,7/1/21,12,5,5:05,0,,52.5,18.56,18.46,7:38,182,3:32,197,22:20,0.6,0.6,Y,Y,Y,Y,
2850-57863,2850-57714,2811-39148,,151,Grizz,1,6/19/21,7/1/21,12,5,5:05,0,,48,16.35,16.35,7:38,167,4:26,201,23:10,0.5,0.6,Y,Y,Y,Y,
UNB,UNB,,,131.2,Schaaps,2,6/20/21,6/23/21,3,4,5:15,0,,10,4.67,4.81,7:08,,,,,,,,,,Y,
UNB,UNB,,,131.2,Schaaps,2,6/20/21,6/23/21,3,4,5:15,0,,8.5,3.48,3.57,7:08,,,,,,,,,,Y,
UNB,UNB,,,131.2,Schaaps,2,6/20/21,6/23/21,3,4,5:15,0,,11.5,5.54,5.45,7:08,,,,,,,,,,Y,
UNB,UNB,,,131.2,Schaaps,2,6/20/21,6/23/21,2,4,5:15,0,,8,2.65,2.01,7:08,,,,,,,,,,Y,
UNB,UNB,2811-39160,,131.2,Schaaps,2,6/20/21,6/28/21,8,4,5:36,0,,35,16.98,16.35,8:20,228,1:47,243,16:52,,,,,,Y,
UNB,UNB,2811-39161,,131.2,Schaaps,2,6/20/21,6/28/21,8,4,5:36,0,,34,15.84,15.57,8:20,211,2:49,211,17:45,,,,,,Y,
UNB,UNB,2811-39162,,131.2,Schaaps,2,6/20/21,6/28/21,8,4,5:36,0,,25.5,12.69,13.14,8:20,207,3:42,208,18:29,,,,,,Y,
UNB,UNB,2811-39163,,131.2,Schaaps,2,6/20/21,6/28/21,8,4,5:36,0,,28,14.48,14.8,8:20,217,4:03,224,19:12,,,,,,Y,
UNB,UNB,2811-39163,,131.2,Schaaps,2,6/20/21,7/2/21,12,4,3:54,0,,50,21.47,21.88,8:40,207,2:07,272,20:00,0.5,0.6,Y,Y,Y,Y,
UNB,UNB,2811-39161,,131.2,Schaaps,2,6/20/21,7/2/21,12,4,3:54,0,,56,22.36,22.14,8:40,191,2:49,232,22:11,0.5,0.6,Y,Y,Y,Y,
UNB,UNB,2811-39162,,131.2,Schaaps,2,6/20/21,7/2/21,12,4,3:54,0,,47,20.37,20.4,8:40,211,3:43,219,24:09:00,0.5,0.7,Y,Y,Y,Y,
UNB,UNB,2811-39160,,131.2,Schaaps,2,6/20/21,7/2/21,12,4,3:54,0,,57.5,21.19,20.59,8:40,206,4:33,287,27:17:00,0.5,0.75,Y,Y,Y,Y,
2850-57611,2850-57606,,,71,Schaaps,1,6/20/21,6/23/21,3,4,5:08,0,,11,4.79,4.9,7:23,,,,,,,,,,Y,
2850-57611,2850-57606,,,71,Schaaps,1,6/20/21,6/23/21,3,4,5:08,0,,10,4.37,4.57,7:23,,,,,,,,,,Y,
2850-57611,2850-57606,,,71,Schaaps,1,6/20/21,6/23/21,2,4,5:08,0,,5,2.15,2.29,7:23,,,,,,,,,,Y,
2850-57611,2850-57606,,,71,Schaaps,1,6/20/21,6/23/21,3,4,5:08,0,,9,3.13,3.28,7:23,,,,,,,,,,Y,
2850-57611,2850-57606,2811-39198,,71,Schaaps,1,6/20/21,6/28/21,8,4,5:13,0,,33,14.2,14.55,8:35,252,2:51,239,17:08,,,,,,Y,
2850-57611,2850-57606,2811-39158,,71,Schaaps,1,6/20/21,6/28/21,8,4,5:13,0,,29,14.11,14.05,8:35,160,3:30,174,18:20,,,,,,Y,
2850-57611,2850-57606,2811-39159,,71,Schaaps,1,6/20/21,6/28/21,8,4,5:13,0,,32,15.55,15.18,8:35,162,4:15,212,19:23,,,,,,Y,
2850-57611,2850-57606,2811-39177,,71,Schaaps,1,6/20/21,6/28/21,8,4,5:13,0,,21,12.68,12.72,8:35,183,4:45,,,,,,,,Y,no bleed at 15 
2850-57611,2850-57606,2811-39159,,71,Schaaps,1,6/20/21,7/2/21,12,4,4:55,0,,55.5,19.39,19.06,8:50,182,2:05,208,18:13,0.5,0.25,Y,Y,Y,Y,
2850-57611,2850-57606,2811-39198,,71,Schaaps,1,6/20/21,7/2/21,12,4,4:55,0,,58,19.46,19.66,8:50,209,2:53,234,20:10,0.4,0.3,Y,Y,Y,Y,
2850-57611,2850-57606,2811-39158,,71,Schaaps,1,6/20/21,7/2/21,12,4,4:55,0,,53,19.44,19.68,8:50,221,3:49,201,21:58,0.6,0.6,Y,Y,Y,Y,
2850-57611,2850-57606,2811-39177,,71,Schaaps,1,6/20/21,7/2/21,12,4,4:55,0,,48.5,20.13,20.25,8:50,186,4:46,276,23:53,0.5,0.5,Y,Y,Y,Y,
2850-57561,2850-57563,,,74,Schaaps,1,6/20/21,6/23/21,2,4,4:55,0,,7.5,1.94,1.89,7:15,,,,,,,,,,Y,
2850-57561,2850-57563,,,74,Schaaps,1,6/20/21,6/23/21,3,4,4:55,0,,8,2.99,3.06,7:15,,,,,,,,,,Y,
2850-57561,2850-57563,,,74,Schaaps,1,6/20/21,6/23/21,3,4,4:55,0,,10.5,4.16,4.49,7:15,,,,,,,,,,Y,
2850-57561,2850-57563,,,74,Schaaps,1,6/20/21,6/23/21,3,4,4:55,0,,10,3.87,3.9,7:15,,,,,,,,,,Y,
2850-57561,2850-57563,,,74,Schaaps,1,6/20/21,6/28/21,8,3,,,,,,,,,,,,,,,,,N,is this the nestling that fell out of the nest during extraction?
2850-57561,2850-57563,2811-39155,,74,Schaaps,1,6/20/21,6/28/21,8,3,5:10,1,,27.5,13.33,13.32,8:27,191,1:33,160,16:35,,,,,,Y,
2850-57561,2850-57563,2811-39156,,74,Schaaps,1,6/20/21,6/28/21,8,3,5:10,0,,32.5,15.71,13.31,8:27,183,2:26,196,17:20,,,,,,Y,
2850-57561,2850-57563,2811-39157,,74,Schaaps,1,6/20/21,6/28/21,8,3,5:10,1,,31,15.43,15.62,8:27,198,3:11,197,18:04,,,,,,Y,
2850-57561,2850-57563,2811-39157,,74,Schaaps,1,6/20/21,7/2/21,12,3,4:28,1,,56,20.27,20.49,8:46,194,2:05,229,17:28,0.5,0.7,Y,Y,Y,Y,
2850-57561,2850-57563,2811-39156,,74,Schaaps,1,6/20/21,7/2/21,12,3,4:28,5,,55,19.88,19.48,8:46,209,3:08,215,19:55,0.4,0.7,Y,Y,Y,Y,
2850-57561,2850-57563,2811-39155,,74,Schaaps,1,6/20/21,7/2/21,12,3,4:28,0,,52.5,18.69,18.94,8:46,233,4:02,255,21:55,0.6,0.7,Y,Y,Y,Y,
2850-57718,2850-57560,,,54,Grizz,1,6/21/21,6/24/21,3,4,4:14,0,,6,2.72,2.96,7:08,,,,,,,,,,Y,
2850-57718,2850-57560,,,54,Grizz,1,6/21/21,6/24/21,2,4,4:14,0,,5,2.26,2.3,7:08,,,,,,,,,,Y,
2850-57718,2850-57560,,,54,Grizz,1,6/21/21,6/24/21,3,4,4:14,0,,9,4.42,4.48,7:08,,,,,,,,,,Y,
2850-57718,2850-57560,,,54,Grizz,1,6/21/21,6/24/21,3,4,4:14,0,,5,3.8,3.8,7:08,,,,,,,,,,Y,
2850-57718,2850-57560,2811-39164,,54,Grizz,1,6/21/21,6/29/21,8,4,4:10,0,,34.5,15.46,15.67,8:04,184,2:30,196,17:20,,,,,,Y,
2850-57718,2850-57560,2811-39178,,54,Grizz,1,6/21/21,6/29/21,8,4,4:10,0,,23.5,11.33,11.12,8:04,,,,,,,,,,Y,too small to bleed
2850-57718,2850-57560,2811-39197,,54,Grizz,1,6/21/21,6/29/21,8,4,4:10,0,,28,12.75,12.92,8:04,193,4:40,180,19:30,,,,,,Y,
2850-57718,2850-57560,2811-39165,,54,Grizz,1,6/21/21,6/29/21,8,4,4:10,0,,31.5,14.9,15.17,8:04,208,5:20,209,20:40,,,,,,Y,
2850-57718,2850-57560,2811-39165,,54,Grizz,1,6/21/21,7/3/21,12,4,4:14,0,,57,19.35,19.45,7:20,198,1:52,243,18:00,0.5,0.6,Y,Y,Y,Y,
2850-57718,2850-57560,2811-39197,,54,Grizz,1,6/21/21,7/3/21,12,4,4:14,0,,52,17.28,17.79,7:20,201,2:45,225,19:41,0.3,0.3,Y,Y,Y,Y,
2850-57718,2850-57560,2811-39178,,54,Grizz,1,6/21/21,7/3/21,12,4,4:14,0,,57,17.8,17.82,7:20,193,3:30,210,22:34,0.1,,Y,N,Y,Y,
2850-57718,2850-57560,2811-39164,,54,Grizz,1,6/21/21,7/3/21,12,4,4:14,0,,60,18.57,18.34,7:20,224,4:08,214,25:30:00,0.3,0.4,Y,Y,Y,Y,
2850-57402,2850-57858,,,86,Grizz,1,6/21/21,6/24/21,3,3,5:24,0,,8,2.59,2.79,7:07,,,,,,,,,,Y,
2850-57402,2850-57858,,,86,Grizz,1,6/21/21,6/24/21,3,3,5:24,0,,9.5,3.43,3.5,7:07,,,,,,,,,,Y,
2850-57402,2850-57858,,,86,Grizz,1,6/21/21,6/24/21,2,3,5:24,0,,5,3.37,3.58,7:07,,,,,,,,,,Y,
2850-57402,2850-57858,2811-39166,,86,Grizz,1,6/21/21,6/29/21,8,3,4:40,0,,29,13.37,14.35,8:10,189,2:05,135,17:05,,,,,,Y,
2850-57402,2850-57858,2811-39167,,86,Grizz,1,6/21/21,6/29/21,8,3,4:40,0,,29,14.25,12.09,8:10,163,2:50,158,17:52,,,,,,Y,
2850-57402,2850-57858,2811-39168,,86,Grizz,1,6/21/21,6/29/21,8,3,4:40,0,,25,12.59,10.29,8:10,179,3:35,150,18:50,,,,,,Y,
2850-57402,2850-57858,2811-39167,,86,Grizz,1,6/21/21,7/3/21,12,3,4:53,0,,52,18.87,18.93,7:27,168,1:38,207,16:45,0.5,0.5,Y,Y,Y,Y,
2850-57402,2850-57858,2811-39168,,86,Grizz,1,6/21/21,7/3/21,12,3,4:53,0,,48,19.3,19.29,7:27,160,2:15,190,18:44,0.6,0.6,Y,Y,Y,Y,
2850-57402,2850-57858,2811-39166,,86,Grizz,1,6/21/21,7/3/21,12,3,4:53,0,,51.5,20.11,19.27,7:27,130,3:07,241,20:27,0.5,0.5,Y,Y,Y,Y,
2811-38779,2850-57712,,,161,Grizz,1,6/23/21,6/26/21,3,4,5:09,0,,11,4.99,5.38,,,,,,,,,,,Y,day 3
2811-38779,2850-57712,,,161,Grizz,1,6/23/21,6/26/21,2,4,5:09,0,,6.5,2.82,3.13,,,,,,,,,,,Y,day 2
2811-38779,2850-57712,,,161,Grizz,1,6/23/21,6/26/21,3,4,5:09,0,,10,4.33,4.52,,,,,,,,,,,Y,day 3
2811-38779,2850-57712,,,161,Grizz,1,6/23/21,6/26/21,2,4,5:09,0,,6,2.02,2.24,,,,,,,,,,,Y,day 1 or 2
2811-38779,2850-57712,2811-39171,,161,Grizz,1,6/23/21,7/1/21,8,4,5:17,0,,31,13.86,,,195,1:43,,,,,,,,Y,no second bleed; nest fell
2811-38779,2850-57712,2811-39172,,161,Grizz,1,6/23/21,7/1/21,8,4,5:17,0,,35.5,15.96,,,213,2:40,211,19:53,,,,,,Y,nest fell
2811-38779,2850-57712,2811-39173,,161,Grizz,1,6/23/21,7/1/21,8,4,5:17,0,,29,13,,,196,3:25,185,20:48,,,,,,Y,day 6 or 7; nest fell
2811-38779,2850-57712,2811-39183,,161,Grizz,1,6/23/21,7/1/21,8,4,5:17,0,,22.5,11.3,,,188,4:04,182,21:50,,,,,,Y,day 6 or 7; nest fell
2811-38779,2850-57712,2811-39172,,161,Grizz,1,6/23/21,7/5/21,12,4,4:55,0,,57,19.47,19.3,6:48,218,1:20,263,19:39,0.5,0.5,Y,Y,Y,Y,tupperware nest
2811-38779,2850-57712,2811-39171,,161,Grizz,1,6/23/21,7/5/21,12,4,4:55,0,,55.5,19.43,19.15,6:48,201,1:50,244,21:19,0.5,0.5,Y,Y,Y,Y,tupperware nest
2811-38779,2850-57712,2811-39173,,161,Grizz,1,6/23/21,7/5/21,12,4,4:55,0,,51,19.24,19.04,6:48,205,2:23,266,23:11,0.5,0.5,Y,Y,Y,Y,tupperware nest
2811-38779,2850-57712,2811-39183,,161,Grizz,1,6/23/21,7/5/21,12,4,4:55,0,,37,19.03,16.32,6:48,173,2:59,182,25:05:00,0.5,0.5,Y,Y,N,Y,tupperware nest
2850-57526,2640-97543,,,123,Grizz,1,6/23/21,6/26/21,2,4,4:59,0,,7.5,2.6,2.74,7:37,,,,,,,,,,Y,
2850-57526,2640-97543,,,123,Grizz,1,6/23/21,6/26/21,3,4,4:59,0,,12,5.26,5.76,7:37,,,,,,,,,,Y,
2850-57526,2640-97543,,,123,Grizz,1,6/23/21,6/26/21,3,4,4:59,0,,9.5,3.99,4.33,7:37,,,,,,,,,,Y,
2850-57526,2640-97543,,,123,Grizz,1,6/23/21,6/26/21,3,4,4:59,0,,10,4.61,5.04,7:37,,,,,,,,,,Y,
2850-57526,2640-97543,2811-39174,,123,Grizz,1,6/23/21,7/1/21,8,4,5:47,0,,34.5,14.72,14.82,7:40,212,1:53,207,17:46,,,,,,Y,post-obs extract time not recorded but likely around 7:40
2850-57526,2640-97543,2811-39182,,123,Grizz,1,6/23/21,7/1/21,8,4,5:47,0,,27,11.92,12.1,7:40,220,2:31,192,18:27,,,,,,Y,post-obs extract time not recorded but likely around 7:40
2850-57526,2640-97543,2811-39175,,123,Grizz,1,6/23/21,7/1/21,8,4,5:47,0,,39,16.99,17.02,7:40,235,3:28,228,19:24,,,,,,Y,post-obs extract time not recorded but likely around 7:40
2850-57526,2640-97543,2811-39176,,123,Grizz,1,6/23/21,7/1/21,8,4,5:47,0,,36,15.49,15.67,7:40,229,4:00,235,20:00,,,,,,Y,post-obs extract time not recorded but likely around 7:40
2850-57526,2640-97543,2811-39174,,123,Grizz,1,6/23/21,7/5/21,12,4,4:18,0,,58,18.52,18.5,6:57,220,1:20,225,17:44,0.5,0.3,Y,Y,Y,Y,grub-like parasites in nest
2850-57526,2640-97543,2811-39176,,123,Grizz,1,6/23/21,7/5/21,12,4,4:18,0,,59.5,19.01,19.02,6:57,252,2:08,317,19:47,0.5,0.5,Y,Y,Y,Y,grub-like parasites in nest
2850-57526,2640-97543,2811-39175,,123,Grizz,1,6/23/21,7/5/21,12,4,4:18,0,,61,19.05,18.89,6:57,285,2:45,346,22:43,0.5,0.5,Y,Y,Y,Y,grub-like parasites in nest
2850-57526,2640-97543,2811-39182,,123,Grizz,1,6/23/21,7/5/21,12,4,4:18,0,,51.5,18.33,18.32,6:57,241,3:33,291,25:03:00,0.5,0.4,Y,Y,Y,Y,grub-like parasites in nest
2850-57864,2850-57865,,,7,Hayes,1,6/25/21,6/29/21,4,6,6:01,0,,7,2.47,2.5,8:45,,,,,,,,,,Y,day 2?
2850-57864,2850-57865,,,7,Hayes,1,6/25/21,6/29/21,4,6,6:01,0,,9,3.98,4.14,8:45,,,,,,,,,,Y,
2850-57864,2850-57865,,,7,Hayes,1,6/25/21,6/29/21,4,6,6:01,0,,10.5,4.12,4.21,8:45,,,,,,,,,,Y,
2850-57864,2850-57865,,,7,Hayes,1,6/25/21,6/29/21,4,6,6:01,0,,10.5,4.32,4.52,8:45,,,,,,,,,,Y,
2850-57864,2850-57865,,,7,Hayes,1,6/25/21,6/29/21,4,6,6:01,0,,11,4.89,5,8:45,,,,,,,,,,Y,
2850-57864,2850-57865,,,7,Hayes,1,6/25/21,6/29/21,4,6,6:01,0,,8,2.91,2.98,8:45,,,,,,,,,,Y,day 2?
2850-57618,UNB,,,17,Blue cloud,1,6/25/21,6/29/21,4,3,5:45,0,,12.5,6.78,6.84,7:15,,,,,,,,,,Y,parents feeding before measures
2850-57618,UNB,,,17,Blue cloud,1,6/25/21,6/29/21,3,3,5:45,0,,11.5,5.38,5.3,7:15,,,,,,,,,,Y,parents feeding before measures
2850-57618,UNB,,,17,Blue cloud,1,6/25/21,6/29/21,4,3,5:45,0,,13.5,7.73,7.64,7:15,,,,,,,,,,Y,parents feeding before measures
2850-57618,UNB,2811-39179,,17,Blue cloud,1,6/25/21,7/3/21,8,3,5:37,0,,34.5,17.5,17.35,7:20,204,1:00,191,16:15,,,,,,Y,
2850-57618,UNB,2811-39180,,17,Blue cloud,1,6/25/21,7/3/21,8,3,5:37,0,,34,17.08,16.71,7:20,211,1:52,287,17:30,,,,,,Y,
2850-57618,UNB,2811-39181,,17,Blue cloud,1,6/25/21,7/3/21,8,3,5:37,0,,25,13.2,13.28,7:20,125,2:20,113,17:50,,,,,,Y,distended belly
2850-57618,UNB,2811-39180,,17,Blue cloud,1,6/25/21,7/7/21,12,2,4:34,3,,58,21.41,20.95,6:55,193,1:26,245,16:40,0.4,0.5,Y,Y,Y,Y,
2850-57618,UNB,2811-39179,,17,Blue cloud,1,6/25/21,7/7/21,12,2,4:34,0,,59.5,19.53,19.45,6:55,228,3:20,244,19:00,0.5,0.5,Y,Y,Y,Y,
2850-57618,UNB,2811-39181,,17,Blue cloud,1,6/25/21,7/7/21,12,2,,,,,,,,,,,,,,N,N,N,N,
2850-57905,2850-57554,,,24,Schaaps,1,6/27/21,7/1/21,4,3,,,,,,,,,,,,,,,,,N,
2850-57905,2850-57554,,,24,Schaaps,1,6/27/21,7/1/21,4,3,3:53,0,,12,5.35,5.73,8:24,,,,,,,,,,Y,
2850-57905,2850-57554,,,24,Schaaps,1,6/27/21,7/1/21,4,3,3:53,0,,11.5,5.33,5.49,8:24,,,,,,,,,,Y,
2850-57905,2850-57554,,,24,Schaaps,1,6/27/21,7/1/21,4,3,3:53,0,,11,4.81,5.18,8:24,,,,,,,,,,Y,
2850-57905,2850-57554,2811-39189,,24,Schaaps,1,6/27/21,7/6/21,9,3,4:49,0,,39,16.03,16.53,9:03,174,1:45,187,17:11,,,,,,Y,
2850-57905,2850-57554,2811-39188,,24,Schaaps,1,6/27/21,7/6/21,9,3,4:49,0,,37,15.6,16,9:03,209,2:17,204,18:05,,,,,,Y,
2850-57905,2850-57554,2811-39187,,24,Schaaps,1,6/27/21,7/6/21,9,3,4:49,1,,39,15.87,16.6,9:03,194,2:59,234,18:53,,,,,,Y,
2850-57905,2850-57554,2811-39189,,24,Schaaps,1,6/27/21,7/10/21,13,3,5:04,0,,61.5,19.19,19.54,9:35,197,1:35,243,17:04,0.5,0.4,Y,Y,Y,Y,
2850-57905,2850-57554,2811-39187,,24,Schaaps,1,6/27/21,7/10/21,13,3,5:04,1,,64.5,18.35,17.92,9:35,196,2:17,239,18:43,0.6,0.6,Y,Y,Y,Y,
2850-57905,2850-57554,2811-39188,,24,Schaaps,1,6/27/21,7/10/21,13,3,5:04,0,,61.5,19.49,18.92,9:35,226,3:25,255,20:10,,,,,Y,Y,
2850-57617,2850-57624,,,4,Urban Farm,1,6/28/21,7/1/21,3,3,4:20,0,,8.5,3.72,3.81,8:38,,,,,,,,,,Y,
2850-57617,2850-57624,,,4,Urban Farm,1,6/28/21,7/1/21,3,3,4:20,0,,10.5,4.81,4.66,8:38,,,,,,,,,,Y,
2850-57617,2850-57624,,,4,Urban Farm,1,6/28/21,7/1/21,3,3,4:20,0,,9.5,4.46,4.44,8:38,,,,,,,,,,Y,
2850-57617,2850-57624,2811-39186,,4,Urban Farm,1,6/28/21,7/6/21,8,3,3:59,0,,28.5,12.54,13.12,9:24,181,1:20,178,16:24,,,,,,Y,Day 6 or 7
2850-57617,2850-57624,2811-39185,,4,Urban Farm,1,6/28/21,7/6/21,8,3,3:59,0,,31,13.31,14.35,9:24,183,2:15,180,17:10,,,,,,Y,Day 6 or 7
2850-57617,2850-57624,2811-39184,,4,Urban Farm,1,6/28/21,7/6/21,8,3,3:59,0,,32,12.61,13.53,9:24,173,3:01,153,18:00,,,,,,Y,Day 6 or 7
2850-57617,2850-57624,2811-39185,,4,Urban Farm,1,6/28/21,7/11/21,13,3,4:38,3,,61,18.17,18.22,4:38,189,1:05,251,17:02,0.5,0.5,Y,Y,Y,Y,
2850-57617,2850-57624,2811-39186,,4,Urban Farm,1,6/28/21,7/11/21,13,3,4:38,4,,57,16.63,17.52,4:38,230,2:29,290,19:21,0.5,0.5,Y,Y,Y,Y,
2850-57617,2850-57624,2811-39184,,4,Urban Farm,1,6/28/21,7/11/21,13,3,4:38,2,,62,17.42,18.39,4:38,176,3:06,195,21:22,0.4,0.4,Y,Y,Y,Y,
2850-57854,2850-57602,,,18,Cooks,1,6/28/21,7/2/21,4,4,6:07,0,,12,5.97,6.07,7:40,,,,,,,,,,Y,
2850-57854,2850-57602,,,18,Cooks,1,6/28/21,7/2/21,4,4,6:07,0,,12,5.64,5.73,7:40,,,,,,,,,,Y,
2850-57854,2850-57602,,,18,Cooks,1,6/28/21,7/2/21,4,4,6:07,0,,13.5,6.74,6.95,7:40,,,,,,,,,,Y,
2850-57854,2850-57602,,,18,Cooks,1,6/28/21,7/2/21,3,4,6:07,0,,9.5,4.15,4.34,7:40,,,,,,,,,,Y,
2850-57854,2850-57602,2811-39193,,18,Cooks,1,6/28/21,7/6/21,8,4,5:40,1,,31.5,14.75,14.91,7:29,185,1:05,190,16:21,,,,,,Y,
2850-57854,2850-57602,2811-39192,,18,Cooks,1,6/28/21,7/6/21,8,4,5:40,0,,37,16.44,16.33,7:29,225,1:45,226,17:23,,,,,,Y,
2850-57854,2850-57602,2811-39191,,18,Cooks,1,6/28/21,7/6/21,8,4,5:40,0,,28,12.56,12.85,7:29,203,2:35,202,18:16,,,,,,Y,
2850-57854,2850-57602,2811-39190,,18,Cooks,1,6/28/21,7/6/21,8,4,5:40,0,,32,15.82,15.52,7:29,189,3:08,209,19:00,,,,,,Y,
2850-57854,2850-57602,2811-39193,,18,Cooks,1,6/28/21,7/10/21,13,4,5:55,0,,55.5,19.25,19.15,7:41,173,1:37,257,18:34,0.1,0.1,Y,Y,Y,Y,did not bleed much; female was not on nest... possibly not fasted?
2850-57854,2850-57602,2811-39191,,18,Cooks,1,6/28/21,7/10/21,13,4,5:55,0,,53,18.72,18.83,7:41,251,2:35,278,20:31,0.6,0.6,Y,Y,Y,Y,female was not on nest... possibly not fasted?
2850-57854,2850-57602,2811-39192,,18,Cooks,1,6/28/21,7/10/21,13,4,5:55,0,,61.5,19.65,19.64,7:41,235,3:20,220,22:01,0.6,0.6,Y,Y,Y,Y,female was not on nest... possibly not fasted?
2850-57854,2850-57602,2811-39190,,18,Cooks,1,6/28/21,7/10/21,13,4,5:55,0,,59,19.95,19.84,7:41,232,4:27,217,23:56,0.6,0.7,Y,Y,Y,Y,female was not on nest... possibly not fasted?
2850-57722,2850-57724,,,46,Van loon,1,7/1/21,7/5/21,4,5,6:02,0,,13,6.55,6.58,7:40,,,,,,,,,,Y,
2850-57722,2850-57724,,,46,Van loon,1,7/1/21,7/5/21,3,5,6:02,0,,9,3.63,3.78,7:40,,,,,,,,,,Y,
2850-57722,2850-57724,,,46,Van loon,1,7/1/21,7/5/21,3,5,6:02,0,,10.5,5.01,5.02,7:40,,,,,,,,,,Y,
2850-57722,2850-57724,,,46,Van loon,1,7/1/21,7/5/21,4,5,6:02,0,,11,5.75,5.67,7:40,,,,,,,,,,Y,
2850-57722,2850-57724,,,46,Van loon,1,7/1/21,7/5/21,4,5,6:02,0,,12,6.3,6.09,7:40,,,,,,,,,,Y,
2850-57722,2850-57724,2811-39195,,46,Van loon,1,7/1/21,7/10/21,9,5,3:43,0,,31,12.72,13.47,8:26,214,1:40,201,18:58,,,,,,Y,
2850-57722,2850-57724,2811-39200,,46,Van loon,1,7/1/21,7/10/21,9,5,3:43,0,,34,13.24,12.53,8:26,223,2:37,230,19:49,,,,,,Y,
2850-57722,2850-57724,2811-39194,,46,Van loon,1,7/1/21,7/10/21,9,5,3:43,0,,38,15.29,16.02,8:26,226,3:24,246,20:50,,,,,,Y,
2850-57722,2850-57724,2811-39028,,46,Van loon,1,7/1/21,7/10/21,9,5,3:43,0,,36,14.56,15.48,8:26,224,4:08,216,22:40,,,,,,Y,
2850-57722,2850-57724,2811-39196,,46,Van loon,1,7/1/21,7/10/21,9,5,3:43,0,,38.5,14.33,14.97,8:26,215,4:55,224,23:39,,,,,,Y,
2850-57722,2850-57724,2811-39194,,46,Van loon,1,7/1/21,7/13/21,12,5,5:07,0,,52.5,17.2,17.19,7:34,149,1:35,201,16:37,0.5,0.7,Y,Y,Y,Y,
2850-57722,2850-57724,2811-39200,,46,Van loon,1,7/1/21,7/13/21,12,5,5:07,0,,49.5,15.62,15.67,7:34,166,2:15,179,18:05,0.5,0.3,Y,Y,Y,Y,
2850-57722,2850-57724,2811-39028,,46,Van loon,1,7/1/21,7/13/21,12,5,5:07,0,,51.5,17.16,17.11,7:34,160,2:46,181,19:30,0.4,0.4,Y,Y,Y,Y,
2850-57722,2850-57724,2811-39196,,46,Van loon,1,7/1/21,7/13/21,12,5,5:07,0,,56,16.1,16.65,7:34,186,3:25,204,21:25,0.4,0.4,Y,Y,Y,Y,
2850-57722,2850-57724,2811-39195,,46,Van loon,1,7/1/21,7/13/21,12,5,5:07,0,,49,16.13,16.23,7:34,173,3:55,223,22:50,0.3,0.2,Y,Y,Y,Y,
2850-57559,UNK,,,98,Schaaps,1,7/3/21,7/6/21,3,2,4:45,,,8.5,5.2,5.6,8:56,,,,,,,,,,Y,1 egg in nest 
2850-57559,UNK,,,98,Schaaps,1,7/3/21,7/6/21,3,2,4:45,,,10.5,5.17,5.68,8:56,,,,,,,,,,Y,
2850-57559,UNK,,,98,Schaaps,1,7/3/21,7/11/21,8,2,,,,,,,,,,,,,,,,,N,"this nestling was still an egg on nest day three but hatched by 8-July, and was gone by 11-Jul."
2850-57559,UNK,2811-39029,,98,Schaaps,1,7/3/21,7/11/21,8,2,3:49,0,,35.5,17.11,18.31,10:13,222,1:10,241,16:42,,,,,,Y,
2850-57559,UNK,2811-39030,,98,Schaaps,1,7/3/21,7/11/21,8,2,3:49,0,,35.5,7.55,19.09,10:13,216,2:33,202,17:50,,,,,,Y,
2850-57559,UNK,2811-39029,,98,Schaaps,1,7/3/21,7/16/21,13,2,4:34,1,,66,21.16,21.61,9:08,201,1:13,223,16:15,0.5,0.5,Y,Y,Y,Y,no eggs in nest 
2850-57559,UNK,2811-39030,,98,Schaaps,1,7/3/21,7/16/21,13,2,4:34,1,,67,22.36,22.71,9:08,183,2:02,239,18:05,0.3,0.2,Y,Y,Y,Y,
2850-57709,2850-57852,,,2,Hoops,1,7/4/21,7/7/21,2,4,5:28,0,,9.5,4.17,4.16,7:03,,,,,,,,,,Y,
2850-57709,2850-57852,,,2,Hoops,1,7/4/21,7/7/21,3,4,5:28,0,,10,4.55,4.72,7:03,,,,,,,,,,Y,
2850-57709,2850-57852,,,2,Hoops,1,7/4/21,7/7/21,2,4,5:28,0,,8.5,3.38,3.51,7:03,,,,,,,,,,Y,
2850-57709,2850-57852,,,2,Hoops,1,7/4/21,7/7/21,1,4,5:28,0,,7.5,2.19,2.28,7:03,,,,,,,,,,Y,
2850-57709,2850-57852,2811-39037,,2,Hoops,1,7/4/21,7/13/21,8,4,5:44,0,,30,13.82,14.21,7:25,188,0:58,201,16:00,,,,,,Y,mom off nest + birds foraging
2850-57709,2850-57852,2811-39035,,2,Hoops,1,7/4/21,7/13/21,8,4,5:44,0,,38,17.66,17.56,7:25,184,1:33,206,16:48,,,,,,Y,mom off nest + birds foraging
2850-57709,2850-57852,2811-39036,,2,Hoops,1,7/4/21,7/13/21,8,4,5:44,0,,40.5,17.31,17.8,7:25,212,2:07,230,17:21,,,,,,Y,mom off nest + birds foraging
2850-57709,2850-57852,2811-39034,,2,Hoops,1,7/4/21,7/13/21,8,4,5:44,0,,37.5,16.95,16.84,7:25,184,2:35,189,17:50,,,,,,Y,mom off nest + birds foraging
2850-57709,2850-57852,2811-39034,,2,Hoops,1,7/4/21,7/16/21,12,4,5:29,0,,54,19.7,19.19,7:48,178,0:58,231,16:38,0.6,0.5,Y,Y,Y,Y,
2850-57709,2850-57852,2811-39037,,2,Hoops,1,7/4/21,7/16/21,12,4,5:29,0,,46,18.62,18.78,7:48,189,1:30,213,18:23,0.5,0.5,Y,Y,Y,Y,
2850-57709,2850-57852,2811-39035,,2,Hoops,1,7/4/21,7/16/21,12,4,5:29,0,,55.5,20.51,20.11,7:48,178,2:06,211,20:05,0.5,0.5,Y,Y,Y,Y,
2850-57709,2850-57852,2811-39036,,2,Hoops,1,7/4/21,7/16/21,12,4,5:29,0,,60,19.87,19.79,7:48,215,2:42,241,21:56,0.75,0.4,Y,Y,Y,Y,
2850-957609,2850-57557,,,6,Cooks,1,7/4/21,7/8/21,3,5,5:40,1,,11.5,5.09,5,7:38,,,,,,,,,,Y,
2850-957609,2850-57557,,,6,Cooks,1,7/4/21,7/8/21,2,5,5:40,0,,8,2.54,2.22,7:38,,,,,,,,,,Y,
2850-957609,2850-57557,,,6,Cooks,1,7/4/21,7/8/21,3,5,5:40,0,,10.5,5.29,5.27,7:38,,,,,,,,,,Y,individual seemed lethargic/ not as active as others
2850-957609,2850-57557,,,6,Cooks,1,7/4/21,7/8/21,3,5,5:40,0,,10,4.38,4.43,7:38,,,,,,,,,,Y,
2850-957609,2850-57557,,,6,Cooks,1,7/4/21,7/8/21,4,5,5:40,0,,12,5.66,5.38,7:38,,,,,,,,,,Y,
2850-957609,2850-57557,,,6,Cooks,1,7/4/21,7/13/21,9,4,,,,,,,,,,,,,,,,,N,
2850-957609,2850-57557,2811-39031,,6,Cooks,1,7/4/21,7/13/21,9,4,3:58,0,,39.5,13.96,14.23,8:24,189,1:28,192,17:05,,,,,,Y,
2850-957609,2850-57557,2811-39032,,6,Cooks,1,7/4/21,7/13/21,9,4,3:58,0,,36,14.66,1.66,8:24,159,2:06,183,18:10,,,,,,Y,
2850-957609,2850-57557,2811-39045,,6,Cooks,1,7/4/21,7/13/21,9,4,3:58,0,,25,10.12,10.12,8:24,173,2:51,168,18:55,,,,,,Y,too small to band 
2850-957609,2850-57557,2811-39033,,6,Cooks,1,7/4/21,7/13/21,9,4,3:58,1,,35.5,12.77,12.77,8:24,198,3:30,191,19:55,,,,,,Y,
2850-957609,2850-57557,2811-39031,,6,Cooks,1,7/4/21,7/16/21,12,4,3:37,1,,52.5,17.23,17.21,9:51,199,1:06,232,16:30,0.4,0.4,Y,Y,Y,Y,
2850-957609,2850-57557,2811-39033,,6,Cooks,1,7/4/21,7/16/21,12,4,3:37,0,,50.5,17.09,16.6,9:51,195,1:45,224,17:55,0.7,0.5,Y,Y,Y,Y,
2850-957609,2850-57557,2811-39045,,6,Cooks,1,7/4/21,7/16/21,12,4,3:37,0,,44,16.46,16.6,9:51,182,2:27,210,19:33,0.5,0.5,N,Y,Y,Y,
2850-957609,2850-57557,2811-39032,,6,Cooks,1,7/4/21,7/16/21,12,4,3:37,0,,53.5,18.42,8.37,9:51,191,3:01,229,21:16,0.5,0.3,Y,Y,Y,Y,
2850-57608,2850-57615,,,5,Urban Farm,1,7/6/21,7/11/21,3,4,5:11,0,,9.5,3.69,3.79,9:41,,,,,,,,,,Y,
2850-57608,2850-57615,,,5,Urban Farm,1,7/6/21,7/11/21,5,4,5:11,0,,13,6.13,6.57,9:41,,,,,,,,,,Y,
2850-57608,2850-57615,,,5,Urban Farm,1,7/6/21,7/11/21,5,4,5:11,0,,11.5,4.82,5.35,9:41,,,,,,,,,,Y,
2850-57608,2850-57615,,,5,Urban Farm,1,7/6/21,7/11/21,3,4,5:11,0,,8.5,2.87,3.1,9:41,,,,,,,,,,Y,
2850-57608,2850-57615,2811-39042,,5,Urban Farm,1,7/6/21,7/15/21,9,4,5:36,0,,33.5,14.26,14.12,7:42,188,1:16,197,16:30,,,,,,Y,
2850-57608,2850-57615,2811-39043,,5,Urban Farm,1,7/6/21,7/15/21,9,4,5:36,0,,33.5,11.37,11.22,7:42,226,2:03,228,17:07,,,,,,Y,
2850-57608,2850-57615,2811-39044,,5,Urban Farm,1,7/6/21,7/15/21,9,4,5:36,0,,22,9.4,9.44,7:42,217,2:43,234,17:34,,,,,,Y,
2850-57608,2850-57615,2811-39050,,5,Urban Farm,1,7/6/21,7/15/21,9,4,5:36,0,,19,8.27,8.36,7:42,186,3:28,198,18:20,,,,,,Y,
2850-57608,2850-57615,2811-39043,,5,Urban Farm,1,7/6/21,7/19/21,13,4,4:24,0,,50.5,14.94,15.81,8:03,198,1:20,243,16:43,0.5,0.5,Y,Y,Y,Y,
2850-57608,2850-57615,2811-39042,,5,Urban Farm,1,7/6/21,7/19/21,13,4,4:24,0,,55,15.93,16.29,8:03,175,1:58,265,18:25,0.5,0.5,Y,Y,Y,Y,
2850-57608,2850-57615,2811-39044,,5,Urban Farm,1,7/6/21,7/19/21,13,4,4:24,0,,42,12.31,12.9,8:03,139,2:39,145,19:54,0.2,0.2,N,Y,Y,Y,
2850-57608,2850-57615,2811-39050,,5,Urban Farm,1,7/6/21,7/19/21,13,4,4:24,0,,42,12.09,12.59,8:03,178,3:08,198,21:41,0.4,0.4,Y,Y,Y,Y,
2850-57556,2850-57538,,,59,Schaaps,1,7/6/21,7/10/21,3,4,4:45,0,,11,5.32,5.31,9:45,,,,,,,,,,Y,"nestlings freezing, female not on nest "
2850-57556,2850-57538,,,59,Schaaps,1,7/6/21,7/10/21,4,4,4:45,1,,12,6.05,6.41,9:45,,,,,,,,,,Y,
2850-57556,2850-57538,,,59,Schaaps,1,7/6/21,7/10/21,3,4,4:45,0,,10.5,5.19,5.36,9:45,,,,,,,,,,Y,
2850-57556,2850-57538,,,59,Schaaps,1,7/6/21,7/10/21,4,4,4:45,0,,12,5.93,6.11,9:45,,,,,,,,,,Y,
2850-57556,2850-57538,2811-39038,,59,Schaaps,1,7/6/21,7/15/21,9,4,4:58,1,,35,14.41,14.72,8:03,229,0:52,273,16:04,,,,,,Y,nasty disgusting blowfly larvae
2850-57556,2850-57538,2811-39039,,59,Schaaps,1,7/6/21,7/15/21,9,4,4:58,0,,37,15.33,14.25,8:03,185,1:32,169,16:36,,,,,,Y,
2850-57556,2850-57538,2811-39040,,59,Schaaps,1,7/6/21,7/15/21,9,4,4:58,0,,38,15.37,16.09,8:03,201,1:52,266,17:07,,,,,,Y,
2850-57556,2850-57538,2811-39041,,59,Schaaps,1,7/6/21,7/15/21,9,4,4:58,0,,34.5,14.18,14.78,8:03,213,2:16,236,17:36,,,,,,Y,
2850-57556,2850-57538,2811-39040,,59,Schaaps,1,7/6/21,7/19/21,13,4,3:41,5,,62,17.77,17.73,9:07,177,1:04,226,16:07,0.5,0.3,Y,Y,Y,Y,mosquito swarm around nest 
2850-57556,2850-57538,2811-39041,,59,Schaaps,1,7/6/21,7/19/21,13,4,3:41,14,,55,18.2,18.37,9:07,211,1:52,263,18:27,0.5,0.5,Y,Y,Y,Y,
2850-57556,2850-57538,2811-39039,,59,Schaaps,1,7/6/21,7/19/21,13,4,3:41,7,,61,18.18,18.07,9:07,194,2:27,257,19:51,0.5,0.5,Y,Y,Y,Y,
2850-57556,2850-57538,2811-39038,,59,Schaaps,1,7/6/21,7/19/21,13,4,3:41,7,,58.5,17.55,17.06,9:07,182,2:52,241,21:32,0.4,0.5,Y,Y,Y,Y,
2850-57725,2850-57508,,,11,Hoops,1,7/8/21,7/11/21,3,4,5:45,0,,9.5,4.21,4.32,9:09,,,,,,,,,,Y,
2850-57725,2850-57508,,,11,Hoops,1,7/8/21,7/11/21,2,4,5:45,0,,7,2.23,2.38,9:09,,,,,,,,,,Y,
2850-57725,2850-57508,,,11,Hoops,1,7/8/21,7/11/21,2,4,5:45,0,,6.5,2.14,2.3,9:09,,,,,,,,,,Y,
2850-57725,2850-57508,,,11,Hoops,1,7/8/21,7/11/21,3,4,5:45,0,,9,3.36,3.62,9:09,,,,,,,,,,Y,
2850-57725,2850-57508,2811-39049,,11,Hoops,1,7/8/21,7/16/21,8,4,5:56,0,,24,10.91,11.01,7:46,197,1:33,202,17:28,,,,,,Y,
2850-57725,2850-57508,2811-39048,,11,Hoops,1,7/8/21,7/16/21,8,4,5:56,0,,34.5,14.79,14.49,7:46,184,2:37,159,19:31,,,,,,Y,
2850-57725,2850-57508,2811-39047,,11,Hoops,1,7/8/21,7/16/21,8,4,5:56,0,,24,10.56,10.63,7:46,205,3:25,180,18:45,,,,,,Y,
2850-57725,2850-57508,2811-39046,,11,Hoops,1,7/8/21,7/16/21,8,4,5:56,0,,32,12.79,12.58,7:46,192,4:15,177,20:10,,,,,,Y,
2850-57725,2850-57508,2811-39049,,11,Hoops,1,7/8/21,7/19/21,11,4,5:32,0,,40.5,15.78,15.7,7:26,163,1:40,179,16:56,0.3,0.3,Y,Y,N,Y,too small to take feathers
2850-57725,2850-57508,2811-39048,,11,Hoops,1,7/8/21,7/19/21,11,4,5:32,0,,50.5,16.87,16.34,7:26,154,2:10,194,18:43,0.5,0.5,Y,Y,Y,Y,
2850-57725,2850-57508,2811-39047,,11,Hoops,1,7/8/21,7/19/21,11,4,5:32,0,,42,14.71,14.46,7:26,184,2:36,198,20:05,0.4,0.3,Y,Y,N,Y,too small to take feathers
2850-57725,2850-57508,2811-39046,,11,Hoops,1,7/8/21,7/19/21,11,4,5:32,0,,49.5,15.78,15.27,7:26,179,3:15,219,21:37,0.5,0.4,Y,Y,Y,Y,