"","female_band","male_band","nest","site","obs_date","observer","obs_method","nestling_number","nestling_age","blind_camera_distance","obs_start_time","obs_end_time","trial_temp","min_temp","max_temp","trial_humidity","wind_speed","wind_gust","cloud_cover","notes_obs","nest_id","obs_state","total_visits","female_visits","male_visits","total_feeding_visits","female_feeding_visits","male_feeding_visits","total_an_duration","female_an_duration","male_an_duration","total_brooding_duration","female_brooding_duration","male_brooding_duration","obs_duration","total_sanitizing_visits","female_sanitizing_visits","male_sanitizing_visits","tert_tot_visit","tert_tot_feed","tert_tot_time","tert_tot_brood","obs_max_temp","obs_avg_temp","obs_min_temp","obs_med_temp","obs_sd_temp","obs_iqr_temp","obs_max_humid","obs_avg_humid","obs_min_humid","obs_sd_humid","thermo_bef_max_temp","thermo_bef_avg_temp","thermo_bef_min_temp","thermo_bef_med_temp","thermo_bef_sd_temp","thermo_bef_iqr_temp","thermo_bef_max_humid","thermo_bef_avg_humid","thermo_bef_min_humid","thermo_bef_sd_humid","thermo_aft_max_temp","thermo_aft_avg_temp","thermo_aft_min_temp","thermo_aft_med_temp","thermo_aft_sd_temp","thermo_aft_iqr_temp","thermo_aft_max_humid","thermo_aft_avg_humid","thermo_aft_min_humid","thermo_aft_sd_humid","thermo_bef_max_temp_5","thermo_bef_avg_temp_5","thermo_bef_min_temp_5","thermo_bef_med_temp_5","thermo_bef_sd_temp_5","thermo_bef_iqr_temp_5","thermo_bef_max_humid_5","thermo_bef_avg_humid_5","thermo_bef_min_humid_5","thermo_bef_sd_humid_5","thermo_aft_max_temp_5","thermo_aft_avg_temp_5","thermo_aft_min_temp_5","thermo_aft_med_temp_5","thermo_aft_sd_temp_5","thermo_aft_iqr_temp_5","thermo_aft_max_humid_5","thermo_aft_avg_humid_5","thermo_aft_min_humid_5","thermo_aft_sd_humid_5","thermo_bef_max_temp_7","thermo_bef_avg_temp_7","thermo_bef_min_temp_7","thermo_bef_med_temp_7","thermo_bef_sd_temp_7","thermo_bef_iqr_temp_7","thermo_bef_max_humid_7","thermo_bef_avg_humid_7","thermo_bef_min_humid_7","thermo_bef_sd_humid_7","thermo_aft_max_temp_7","thermo_aft_avg_temp_7","thermo_aft_min_temp_7","thermo_aft_med_temp_7","thermo_aft_sd_temp_7","thermo_aft_iqr_temp_7","thermo_aft_max_humid_7","thermo_aft_avg_humid_7","thermo_aft_min_humid_7","thermo_aft_sd_humid_7","nest_max_temp","nest_avg_temp","nest_min_temp","nest_med_temp","nest_sd_temp","nest_iqr_temp","nest_max_humid","nest_avg_humid","nest_min_humid","nest_sd_humid","avg_nestl_mass","avg_wing_chord","brood_nos_mites","brood_mite_bin","avg_nestl_growth","avg_wing_growth","num_pairs"
"1","2640-97398","2850-57907",68,"grizz",2021-06-05,"SAM, ZML","person",4,3,6.17,"5:58","6:58",14.8,13,35.6,53.6,4,5,"partly","sat down at 5:33am, magpie in and out of barn a few times, sanitizing behavior not noted on d3 obs","grizz 68","early",15,8,7,9,3,6,3572.876,2985.696,587.18,3313.298,2884.63,428.668,3603.402,0,0,0,1,2,3,3,16.3,15.45,14.7,15.4,0.700000000000001,0.849999999999998,58.8,56.925,55.3,1.61322658049017,36.5,23.5956845238095,10.3,23.6,7.19486667945972,12.325,75.5,43.3879464285714,18,12.5613731703819,37.9,24.6352362204724,11.5,23.75,7.0087124242239,12.5,63.3,35.5368110236221,15.2,11.5073222237435,35.5,23.2524305555556,10.3,23.3,7.09620309954216,12.125,75.5,44.3522569444444,21.4,12.4600898221323,37.9,24.7973509933775,11.5,24.05,7.08794737185958,12.825,63.3,35.8650662251656,15.2,11.5424138826213,36.5,23.886328125,10.3,23.8,7.24647344390972,12.525,75.5,42.1678385416667,17.5,12.642383116449,37.9,24.3356796116505,11.5,23.45,6.9096014704933,11.875,63.3,35.9817961165049,15.2,11.8787296328644,37.9,24.0432203389831,10.3,23.7,7.13094391521158,12.325,75.5,40.0079661016949,15.2,12.7228106581096,2.29,7.25,0,"no",2.29,7.25,"17"
"2","2640-97398","2850-57907",68,"grizz",2021-06-10,"APP","camera",4,8,1.02,"6:05","7:05",15.1,14.8,36.2,49.8,3,5,"partly","","grizz 68","mid",12,7,5,11,5,6,2609.266,1551.244,1058.022,1992.092,1174.341,817.751,3548.414,12,11,1,1,2,2,3,16.3,16,15.5,16.1,0.355902608401044,0.349999999999998,56.3,55.175,53.3,1.37446959466795,36.5,23.5956845238095,10.3,23.6,7.19486667945972,12.325,75.5,43.3879464285714,18,12.5613731703819,37.9,24.6352362204724,11.5,23.75,7.0087124242239,12.5,63.3,35.5368110236221,15.2,11.5073222237435,35.5,23.2524305555556,10.3,23.3,7.09620309954216,12.125,75.5,44.3522569444444,21.4,12.4600898221323,37.9,24.7973509933775,11.5,24.05,7.08794737185958,12.825,63.3,35.8650662251656,15.2,11.5424138826213,36.5,23.886328125,10.3,23.8,7.24647344390972,12.525,75.5,42.1678385416667,17.5,12.642383116449,37.9,24.3356796116505,11.5,23.45,6.9096014704933,11.875,63.3,35.9817961165049,15.2,11.8787296328644,37.9,24.0432203389831,10.3,23.7,7.13094391521158,12.325,75.5,40.0079661016949,15.2,12.7228106581096,8.3525,21.625,0,"no",6.0625,14.375,"17"
"3","2640-97398","2850-57907",68,"grizz",2021-06-14,"ZML","person",4,12,5.84,"6:00","7:00",17.4,14.8,37.9,60.2,0,0,"clear","habituation 5:45, unknown other probably female based on how it fed at 6:22","grizz 68","late",20,10,9,18,9,9,1412.77,298.172,1100.684,138.288,138.288,0,3609.452,6,3,3,2,2,2,2,18.3,17.875,17.4,17.9,0.403112887414929,0.525000000000002,63.3,62.525,61.8,0.634428877022477,36.5,23.5956845238095,10.3,23.6,7.19486667945972,12.325,75.5,43.3879464285714,18,12.5613731703819,37.9,24.6352362204724,11.5,23.75,7.0087124242239,12.5,63.3,35.5368110236221,15.2,11.5073222237435,35.5,23.2524305555556,10.3,23.3,7.09620309954216,12.125,75.5,44.3522569444444,21.4,12.4600898221323,37.9,24.7973509933775,11.5,24.05,7.08794737185958,12.825,63.3,35.8650662251656,15.2,11.5424138826213,36.5,23.886328125,10.3,23.8,7.24647344390972,12.525,75.5,42.1678385416667,17.5,12.642383116449,37.9,24.3356796116505,11.5,23.45,6.9096014704933,11.875,63.3,35.9817961165049,15.2,11.8787296328644,37.9,24.0432203389831,10.3,23.7,7.13094391521158,12.325,75.5,40.0079661016949,15.2,12.7228106581096,12.8825,43.375,0,"no",4.53,21.75,"17"
"4","2850-57860","UNB",154,"grizz",2021-06-10,"APP","camera",5,3,0.91,"6:05","7:05",14.4,14.1,36,50.8,3,5,"partly","","grizz 154","early",18,7,11,16,5,11,2783.001,1488.821,1294.18,2010.208,987.397,1022.811,3569.564,10,10,0,2,3,1,1,16.3,15.7,14.9,15.8,0.632455532033676,0.800000000000002,55.7,54.7,53.1,1.16332855777434,36.7,24.7384210526316,10.7,25.1,7.25976084697477,13.4,62.2,34.6552631578947,15.9,11.2228339615029,40,27.2963210702341,14.2,26.7,7.46615949009811,14.6,63.4,36.5073578595318,16.2,10.6004825611072,36.7,24.9747368421053,13.2,25.1,7.0119092246624,12.85,62.2,34.5583157894737,15.9,11.5335590560426,40,26.7836940836941,10.7,26.5,7.69257822478461,13.9,63.4,36.3199134199134,16.2,10.4677667367458,37.1,25.0215037593985,10.7,25.4,7.40803073846546,13.7,62.2,35.5299248120301,15.9,11.0480218542474,40,27.4051689860835,16.2,26.5,7.34876287941317,14.4,63.4,35.7007952286282,16.2,10.813281239253,40,26.0480308219178,10.7,25.9,7.47328607026355,13.6,63.4,35.6035102739726,15.9,10.9432115023182,3.418,9.4,0,"no",3.418,9.4,"17"
"5","2850-57860","UNB",154,"grizz",2021-06-15,"APP","camera",5,8,0.88,"6:05","7:05",16.3,16.2,37.7,47.1,1,3,"clear","","grizz 154","mid",13,8,5,9,3,6,2516.237,1697.195,819.042,142.309,142.309,0,3572.162,13,10,3,2,1,2,1,20,18.2,16.6,18.1,1.47648230602334,1.75,49.5,47.475,46.6,1.35984067694222,36.7,24.7384210526316,10.7,25.1,7.25976084697477,13.4,62.2,34.6552631578947,15.9,11.2228339615029,40,27.2963210702341,14.2,26.7,7.46615949009811,14.6,63.4,36.5073578595318,16.2,10.6004825611072,36.7,24.9747368421053,13.2,25.1,7.0119092246624,12.85,62.2,34.5583157894737,15.9,11.5335590560426,40,26.7836940836941,10.7,26.5,7.69257822478461,13.9,63.4,36.3199134199134,16.2,10.4677667367458,37.1,25.0215037593985,10.7,25.4,7.40803073846546,13.7,62.2,35.5299248120301,15.9,11.0480218542474,40,27.4051689860835,16.2,26.5,7.34876287941317,14.4,63.4,35.7007952286282,16.2,10.813281239253,40,26.0480308219178,10.7,25.9,7.47328607026355,13.6,63.4,35.6035102739726,15.9,10.9432115023182,10.158,29,1,"yes",6.74,19.6,"17"
"6","2850-57860","UNB",154,"grizz",2021-06-19,"","camera",3,12,0.93,"","",16.7,16.7,36,54.5,0,0,"partly","camera crashed, no d12 obs","grizz 154","late",NA,NA,NA,NA,NA,NA,NA,NA,NA,NA,NA,NA,NA,NA,NA,NA,NA,NA,NA,NA,NA,NA,NA,NA,NA,NA,NA,NA,NA,NA,36.7,24.7384210526316,10.7,25.1,7.25976084697477,13.4,62.2,34.6552631578947,15.9,11.2228339615029,40,27.2963210702341,14.2,26.7,7.46615949009811,14.6,63.4,36.5073578595318,16.2,10.6004825611072,36.7,24.9747368421053,13.2,25.1,7.0119092246624,12.85,62.2,34.5583157894737,15.9,11.5335590560426,40,26.7836940836941,10.7,26.5,7.69257822478461,13.9,63.4,36.3199134199134,16.2,10.4677667367458,37.1,25.0215037593985,10.7,25.4,7.40803073846546,13.7,62.2,35.5299248120301,15.9,11.0480218542474,40,27.4051689860835,16.2,26.5,7.34876287941317,14.4,63.4,35.7007952286282,16.2,10.813281239253,40,26.0480308219178,10.7,25.9,7.47328607026355,13.6,63.4,35.6035102739726,15.9,10.9432115023182,12.9833333333333,46.5,0,"no",2.82533333333333,17.5,"17"
"7","2850-57711","2850-57473",1,"vanloon",2021-06-10,"SAM","person",3,3,0.97,"6:00","7:00",15.1,14.3,29.7,50.4,0,0,"partly","not possible to score GFN modifiers","vanloon 1","early",22,11,11,18,8,10,3538.365,2219.113,1319.252,2860.116,1826.201,1033.915,3602.468,14,14,0,2,3,3,2,14.9,14.72,14.6,14.7,0.130384048104053,0.200000000000001,56.2,53.92,52.5,1.37003649586425,30.3,21.7710526315789,11.3,22,5.32807868186153,9.375,70.2,43.0933333333333,20.1,11.7238955559338,34.7,25.2111666666667,15.4,25,5.40130992325324,10,70,41.817,18.8,10.879581171969,30.3,21.936,13.1,22,5.01462721206167,8.95,70.2,43.4128421052632,20.1,12.4400174053189,34.7,24.6282014388489,11.3,24.6,5.77222646346547,9.9,70,41.7730935251799,18.8,10.4284170930976,32.8,22.1097744360902,11.3,22.3,5.46357964244004,9.7,70.2,43.9508270676692,20.1,11.5525268480088,34.7,25.4122772277228,17,25,5.29604597212537,9.7,64.6,40.4477227722772,18.8,10.6761025861936,34.7,23.5352136752137,11.3,23.5,5.63257733692512,9.675,70.2,42.4388034188034,18.8,11.3119647295881,3.76,8.83333333333333,0,"no",3.76,8.83333333333333,"3"
"8","2850-57711","2850-57473",1,"vanloon",2021-06-15,"SAM","person",3,8,1.24,"6:20","7:20",17.5,17.4,33.3,51.2,0,0,"clear","not possible to score GFN modifiers","vanloon 1","mid",20,11,9,16,8,8,2492.243,1658.807,833.436,1101.383,852.183,249.2,3604.352,21,19,2,3,3,2,2,17.2,17.05,17,17,0.0999999999999996,0.0500000000000007,59.8,58.05,56.5,1.4247806848775,30.3,21.7710526315789,11.3,22,5.32807868186153,9.375,70.2,43.0933333333333,20.1,11.7238955559338,34.7,25.2111666666667,15.4,25,5.40130992325324,10,70,41.817,18.8,10.879581171969,30.3,21.936,13.1,22,5.01462721206167,8.95,70.2,43.4128421052632,20.1,12.4400174053189,34.7,24.6282014388489,11.3,24.6,5.77222646346547,9.9,70,41.7730935251799,18.8,10.4284170930976,32.8,22.1097744360902,11.3,22.3,5.46357964244004,9.7,70.2,43.9508270676692,20.1,11.5525268480088,34.7,25.4122772277228,17,25,5.29604597212537,9.7,64.6,40.4477227722772,18.8,10.6761025861936,34.7,23.5352136752137,11.3,23.5,5.63257733692512,9.675,70.2,42.4388034188034,18.8,11.3119647295881,13.01,29,16,"yes",9.25,20.1666666666667,"3"
"9","2850-57711","2850-57473",1,"vanloon",2021-06-19,"SAM","person",3,12,1.32,"6:30","7:30",18.4,18.4,30.9,53.2,0,0,"partly","not possible to score GFN modifiers","vanloon 1","late",23,13,9,22,12,9,976.218,884.209,89.25,0,0,0,3604.423,9,9,0,3,3,1,1,18.4,18.18,18,18.2,0.148323969741913,0.0999999999999979,62.9,59.1,55.3,3.29013677527242,30.3,21.7710526315789,11.3,22,5.32807868186153,9.375,70.2,43.0933333333333,20.1,11.7238955559338,34.7,25.2111666666667,15.4,25,5.40130992325324,10,70,41.817,18.8,10.879581171969,30.3,21.936,13.1,22,5.01462721206167,8.95,70.2,43.4128421052632,20.1,12.4400174053189,34.7,24.6282014388489,11.3,24.6,5.77222646346547,9.9,70,41.7730935251799,18.8,10.4284170930976,32.8,22.1097744360902,11.3,22.3,5.46357964244004,9.7,70.2,43.9508270676692,20.1,11.5525268480088,34.7,25.4122772277228,17,25,5.29604597212537,9.7,64.6,40.4477227722772,18.8,10.6761025861936,34.7,23.5352136752137,11.3,23.5,5.63257733692512,9.675,70.2,42.4388034188034,18.8,11.3119647295881,17.7966666666667,52.8333333333333,25,"yes",4.78666666666667,23.8333333333333,"3"
"10","2850-57520","UNB",156,"grizz",2021-06-12,"ZML","person",4,4,5.33,"5:45","6:45",10.9,10.9,31.7,48.5,0,0,"clear","","grizz 156","early",19,9,10,11,3,8,3320.04,2354.163,965.877,2788.802,2143.267,645.535,3693.106,21,20,1,2,2,1,2,12.6,11.4,10.7,11.2,0.777817459305202,0.899999999999999,51.9,50.28,48.7,1.26767503722366,38.6,25.4784210526316,10.7,25.2,7.59541122440028,13.6,64.3,35.2277192982456,14.8,11.8145900414384,40.1,26.30367278798,15,25.3,6.94244758434049,11.5,65.5,35.9595993322204,15.7,10.7561246692011,38,25.0574736842105,10.7,24.9,7.53558939488574,13.2,58.5,33.7006315789474,14.8,10.8571419464717,40.1,26.478818443804,15,25.45,7.04151763526034,12,65.5,36.9046109510086,15.7,11.3958325871115,39.7,25.8887218045113,10.7,25.7,7.72061719292308,14,64.3,35.2897744360902,14.8,11.4319233370411,40.1,25.9178571428571,15,25,6.65343739703404,10.9,65.5,36.0156746031746,15.7,11.0876416588892,40.1,25.9012831479897,10.7,25.3,7.27674731142379,12.6,65.5,35.6027373823781,14.8,11.2857192173892,5.1025,11.125,0,"no",5.1025,11.125,"17"
"11","2850-57520","UNB",156,"grizz",2021-06-17,"ZML","person",4,9,5.64,"6:06","7:06",18,18,39.1,37.8,0,0,"partly","","grizz 156","mid",15,5,10,12,4,8,2154.071,1514.585,639.486,970.084,970.084,0,3605.086,26,23,3,2,2,1,1,19.7,18.65,17.9,18.5,0.793725393319377,0.900000000000002,43.3,41.4,39.2,1.92700112437262,38.6,25.4784210526316,10.7,25.2,7.59541122440028,13.6,64.3,35.2277192982456,14.8,11.8145900414384,40.1,26.30367278798,15,25.3,6.94244758434049,11.5,65.5,35.9595993322204,15.7,10.7561246692011,38,25.0574736842105,10.7,24.9,7.53558939488574,13.2,58.5,33.7006315789474,14.8,10.8571419464717,40.1,26.478818443804,15,25.45,7.04151763526034,12,65.5,36.9046109510086,15.7,11.3958325871115,39.7,25.8887218045113,10.7,25.7,7.72061719292308,14,64.3,35.2897744360902,14.8,11.4319233370411,40.1,25.9178571428571,15,25,6.65343739703404,10.9,65.5,36.0156746031746,15.7,11.0876416588892,40.1,25.9012831479897,10.7,25.3,7.27674731142379,12.6,65.5,35.6027373823781,14.8,11.2857192173892,10.045,30.5,0,"no",4.9425,19.375,"17"
"12","2850-57520","UNB",156,"grizz",2021-06-21,"ZML","person",3,13,5.26,"6:15","7:15",15.1,15,39.1,65,0,0,"mostly","","grizz 156","late",6,1,4,5,0,4,2647.007,2538.158,103.066,0,0,0,3616.141,0,0,0,1,1,3,1,15.4,15.2,15,15.2,0.158113883008419,0.200000000000001,65.5,65.18,65,0.216794833886788,38.6,25.4784210526316,10.7,25.2,7.59541122440028,13.6,64.3,35.2277192982456,14.8,11.8145900414384,40.1,26.30367278798,15,25.3,6.94244758434049,11.5,65.5,35.9595993322204,15.7,10.7561246692011,38,25.0574736842105,10.7,24.9,7.53558939488574,13.2,58.5,33.7006315789474,14.8,10.8571419464717,40.1,26.478818443804,15,25.45,7.04151763526034,12,65.5,36.9046109510086,15.7,11.3958325871115,39.7,25.8887218045113,10.7,25.7,7.72061719292308,14,64.3,35.2897744360902,14.8,11.4319233370411,40.1,25.9178571428571,15,25,6.65343739703404,10.9,65.5,36.0156746031746,15.7,11.0876416588892,40.1,25.9012831479897,10.7,25.3,7.27674731142379,12.6,65.5,35.6027373823781,14.8,11.2857192173892,15.58,55.1666666666667,0,"no",5.535,24.6666666666667,"17"
"13","2640-97390","2850-57866",139,"grizz",2021-06-12,"APP","person",4,3,6.5,"5:45","6:46",11.2,12.3,31.4,47.8,0,0,"clear","start habituation 5:25","grizz 139","early",17,7,10,7,4,3,3532.759,2767.347,765.412,2339.763,2322.257,17.506,3642.022,16,16,0,1,1,2,1,12.1,11.4,10.9,11.3,0.529150262212918,0.600000000000001,50.2,49.125,48.1,0.892094912738177,39.3,25.8200892857143,10.9,25.5,7.53997778310132,13.625,64.1,34.5059523809524,13.7,11.6833403364152,39.7,25.8255402750491,15.2,24.9,6.49798090633568,10.5,65.4,35.496463654224,14.1,11.3826599746967,38.1,25.4203125,10.9,25.2,7.41995105383481,13.4,64.1,34.4201388888889,13.7,12.0831068844348,39.7,26.2052892561983,15.2,25.3,6.77916108066353,11.3,65.4,35.4209917355372,14.1,11.0273984044798,39.3,26.11484375,10.9,25.8,7.4963468531304,13.625,64.1,33.625390625,13.7,11.5581853735841,39.7,25.2786924939467,15.2,24.2,6.29134335407787,9.7,65.4,37.3641646489104,14.1,11.1777268166814,39.7,25.8224386113463,10.9,25.3,7.10674514742916,12.2,65.4,34.9328535139712,13.7,11.5602674769528,3.6125,8.625,0,"no",3.6125,8.625,"17"
"14","2640-97390","2850-57866",139,"grizz",2021-06-17,"APP","person",4,8,5.94,"6:06","7:06",18.3,11.2,38.9,37.1,0,0,"partly","start habituation 5:51","grizz 139","mid",15,7,8,10,5,5,2833.955,1948.297,885.658,1673.068,1673.068,0,3635.203,6,3,3,2,2,3,3,20.1,18.95,18.1,18.8,0.869865890046659,0.950000000000003,43.5,40.925,38.6,2.16544837543329,39.3,25.8200892857143,10.9,25.5,7.53997778310132,13.625,64.1,34.5059523809524,13.7,11.6833403364152,39.7,25.8255402750491,15.2,24.9,6.49798090633568,10.5,65.4,35.496463654224,14.1,11.3826599746967,38.1,25.4203125,10.9,25.2,7.41995105383481,13.4,64.1,34.4201388888889,13.7,12.0831068844348,39.7,26.2052892561983,15.2,25.3,6.77916108066353,11.3,65.4,35.4209917355372,14.1,11.0273984044798,39.3,26.11484375,10.9,25.8,7.4963468531304,13.625,64.1,33.625390625,13.7,11.5581853735841,39.7,25.2786924939467,15.2,24.2,6.29134335407787,9.7,65.4,37.3641646489104,14.1,11.1777268166814,39.7,25.8224386113463,10.9,25.3,7.10674514742916,12.2,65.4,34.9328535139712,13.7,11.5602674769528,9.59,27.625,0,"no",5.9775,19,"17"
"15","2640-97390","2850-57866",139,"grizz",2021-06-21,"APP","person",3,12,5.38,"6:15","7:15",15.3,15.2,33.1,65.3,0,0,"mostly","start habituation 6:03","grizz 139","late",8,4,4,6,3,3,1697.595,942.9,754.695,624.13,624.13,0,3611.702,1,1,0,1,1,2,3,15.5,15.35,15.2,15.35,0.129099444873581,0.149999999999999,65.4,65.175,64.9,0.206155281280883,39.3,25.8200892857143,10.9,25.5,7.53997778310132,13.625,64.1,34.5059523809524,13.7,11.6833403364152,39.7,25.8255402750491,15.2,24.9,6.49798090633568,10.5,65.4,35.496463654224,14.1,11.3826599746967,38.1,25.4203125,10.9,25.2,7.41995105383481,13.4,64.1,34.4201388888889,13.7,12.0831068844348,39.7,26.2052892561983,15.2,25.3,6.77916108066353,11.3,65.4,35.4209917355372,14.1,11.0273984044798,39.3,26.11484375,10.9,25.8,7.4963468531304,13.625,64.1,33.625390625,13.7,11.5581853735841,39.7,25.2786924939467,15.2,24.2,6.29134335407787,9.7,65.4,37.3641646489104,14.1,11.1777268166814,39.7,25.8224386113463,10.9,25.3,7.10674514742916,12.2,65.4,34.9328535139712,13.7,11.5602674769528,15.74,48.3333333333333,0,"no",6.15,20.7083333333333,"17"
"16","2640-97484","MB R",102,"grizz",2021-06-12,"SAM","person",4,3,5,"5:45","6:45",11.3,11.3,29.7,46.8,0,0,"clear","","grizz 102","early",22,12,10,5,2,3,3501.791,2207.557,1294.234,3109.929,2022.809,1087.12,3602.869,7,7,0,3,1,2,3,13.1,11.72,11,11.4,0.892748564826626,1.1,51.2,49.24,47.3,1.6592166826548,37.2,25.5070676691729,11,25.9,7.02747156517404,12.6,63.2,35.1114285714286,15.2,10.9134307896595,39.3,25.7400793650794,15.2,25.1,6.33158801195498,10.35,63.2,35.8224206349206,15.2,10.7015277933099,35.9,25.1019298245614,11,25.7,6.8956785679486,12.4,63.2,34.9977192982456,15.2,11.2915436447991,39.3,26.0886477462437,15.2,25.4,6.54693407842288,10.9,63.2,35.8178631051753,15.2,10.3525527901189,37.6,25.8419736842105,11,26.2,7.04473668351188,12.55,63.2,34.2251315789474,15.2,10.8405821488764,39.3,25.1718826405868,15.2,24.5,6.10065221729522,9.5,63.2,37.6344743276284,15.2,10.4491232290013,39.3,25.6075278015398,11,25.5,6.7344578650209,11.5,63.2,35.4179640718563,15.2,10.8237049098142,3.9425,8.625,0,"no",3.9425,8.625,"17"
"17","2640-97484","MB R",102,"grizz",2021-06-17,"SAM","person",4,8,3.99,"6:06","7:06",18.2,18.1,37.7,37,0,0,"partly","","grizz 102","mid",20,12,8,16,10,6,2640.052,1455.014,1185.038,1106.851,1001.545,105.306,3609.736,15,10,5,3,3,3,2,20.1,18.925,18.1,18.75,0.888350531415762,1.025,43.1,40.75,38.2,2.12053452380919,37.2,25.5070676691729,11,25.9,7.02747156517404,12.6,63.2,35.1114285714286,15.2,10.9134307896595,39.3,25.7400793650794,15.2,25.1,6.33158801195498,10.35,63.2,35.8224206349206,15.2,10.7015277933099,35.9,25.1019298245614,11,25.7,6.8956785679486,12.4,63.2,34.9977192982456,15.2,11.2915436447991,39.3,26.0886477462437,15.2,25.4,6.54693407842288,10.9,63.2,35.8178631051753,15.2,10.3525527901189,37.6,25.8419736842105,11,26.2,7.04473668351188,12.55,63.2,34.2251315789474,15.2,10.8405821488764,39.3,25.1718826405868,15.2,24.5,6.10065221729522,9.5,63.2,37.6344743276284,15.2,10.4491232290013,39.3,25.6075278015398,11,25.5,6.7344578650209,11.5,63.2,35.4179640718563,15.2,10.8237049098142,10.9475,28.75,0,"no",7.005,20.125,"17"
"18","2640-97484","MB R",102,"grizz",2021-06-21,"SAM","person",4,12,4.34,"6:15","7:15",15.3,15.2,31.2,62.8,0,0,"mostly","","grizz 102","late",20,13,7,18,12,6,607.647,428.373,179.274,0,0,0,3605.86,3,3,0,3,3,1,2,15.6,15.4,15.2,15.4,0.158113883008419,0.199999999999999,63.2,63.08,62.8,0.164316767251552,37.2,25.5070676691729,11,25.9,7.02747156517404,12.6,63.2,35.1114285714286,15.2,10.9134307896595,39.3,25.7400793650794,15.2,25.1,6.33158801195498,10.35,63.2,35.8224206349206,15.2,10.7015277933099,35.9,25.1019298245614,11,25.7,6.8956785679486,12.4,63.2,34.9977192982456,15.2,11.2915436447991,39.3,26.0886477462437,15.2,25.4,6.54693407842288,10.9,63.2,35.8178631051753,15.2,10.3525527901189,37.6,25.8419736842105,11,26.2,7.04473668351188,12.55,63.2,34.2251315789474,15.2,10.8405821488764,39.3,25.1718826405868,15.2,24.5,6.10065221729522,9.5,63.2,37.6344743276284,15.2,10.4491232290013,39.3,25.6075278015398,11,25.5,6.7344578650209,11.5,63.2,35.4179640718563,15.2,10.8237049098142,16.42,52.875,0,"no",5.4725,24.125,"17"
"19","2850-57482","2850-57716",46,"grizz",2021-06-14,"SAM","person",1,3,2.79,"6:00","7:00",17.1,14.4,36.6,61.5,0,0,"clear","","grizz 46","early",11,6,5,7,3,4,3480.781,2570.501,910.28,2626.791,1877.459,749.332,3608.87,20,16,4,1,1,1,1,18.6,17.925,17.2,17.95,0.607590871118607,0.724999999999998,63.5,63.2,62.9,0.244948974278318,37.7,27.5272123893805,14.4,27.9,6.76079661918371,12.15,63.6,35.8758849557522,16,10.7037808710632,39.2,24.2909090909091,12.6,23.2,6.25441301156274,9.7,67.9,39.8185123966942,15.5,11.0013675144205,37.7,27.4005617977528,14.4,27.85,6.78306090024643,11.75,63.6,37.8817415730337,21.7,10.4816259517397,39.2,24.7984308131241,12.6,23.9,6.43861878199426,10.3,67.9,38.2599144079886,15.5,11.3237754680056,39.2,27.5651459854015,14.4,27.8,6.80091459172595,12.2,63.6,35.2355839416058,15.5,10.4214249950344,35.2,23.6396856581532,12.6,22.7,5.88351466241773,9.6,67.9,41.2514734774067,18.8,10.8531003040798,39.2,25.6748344370861,12.6,25.2,6.66793765791744,11.4,67.9,38.1325449385052,15.5,11.0437825497332,4.4,10,0,"no",4.4,10,"17"
"20","2850-57482","2850-57716",46,"grizz",2021-06-19,"ZML","person",1,8,5.18,"6:13","7:13",16.5,16.4,35.3,55.5,0,0,"partly","start habituation at 5:58; female seems to watch observer more than typical of Grizz birds","grizz 46","mid",11,6,5,8,4,4,1923.285,1308.959,614.326,1428.768,876.162,552.606,3597.451,11,9,2,1,1,1,2,17.1,16.725,16.4,16.7,0.298607881119483,0.324999999999999,57.5,56.575,55.9,0.727438428093173,37.7,27.5272123893805,14.4,27.9,6.76079661918371,12.15,63.6,35.8758849557522,16,10.7037808710632,39.2,24.2909090909091,12.6,23.2,6.25441301156274,9.7,67.9,39.8185123966942,15.5,11.0013675144205,37.7,27.4005617977528,14.4,27.85,6.78306090024643,11.75,63.6,37.8817415730337,21.7,10.4816259517397,39.2,24.7984308131241,12.6,23.9,6.43861878199426,10.3,67.9,38.2599144079886,15.5,11.3237754680056,39.2,27.5651459854015,14.4,27.8,6.80091459172595,12.2,63.6,35.2355839416058,15.5,10.4214249950344,35.2,23.6396856581532,12.6,22.7,5.88351466241773,9.6,67.9,41.2514734774067,18.8,10.8531003040798,39.2,25.6748344370861,12.6,25.2,6.66793765791744,11.4,67.9,38.1325449385052,15.5,11.0437825497332,14.22,32,0,"no",9.82,22,"17"
"21","2850-57482","2850-57716",46,"grizz",2021-06-23,"ZML","person",1,12,5.18,"6:08","7:08",16.1,12.6,35.3,45.5,0,0,"partly","start habituation at 5:46; while tried to start obs at 6:00, could not differentiate parent IDs before 6:08...official start time should be 6:08; HOSP enters barn 2x","grizz 46","late",16,8,7,11,5,6,2302.613,997.149,694.107,303.254,151.795,151.459,3598.534,16,13,3,2,2,3,3,17.1,16.45,16,16.35,0.479583152331273,0.5,50.7,48.075,46.3,1.88392321145706,37.7,27.5272123893805,14.4,27.9,6.76079661918371,12.15,63.6,35.8758849557522,16,10.7037808710632,39.2,24.2909090909091,12.6,23.2,6.25441301156274,9.7,67.9,39.8185123966942,15.5,11.0013675144205,37.7,27.4005617977528,14.4,27.85,6.78306090024643,11.75,63.6,37.8817415730337,21.7,10.4816259517397,39.2,24.7984308131241,12.6,23.9,6.43861878199426,10.3,67.9,38.2599144079886,15.5,11.3237754680056,39.2,27.5651459854015,14.4,27.8,6.80091459172595,12.2,63.6,35.2355839416058,15.5,10.4214249950344,35.2,23.6396856581532,12.6,22.7,5.88351466241773,9.6,67.9,41.2514734774067,18.8,10.8531003040798,39.2,25.6748344370861,12.6,25.2,6.66793765791744,11.4,67.9,38.1325449385052,15.5,11.0437825497332,18.83,56.5,0,"no",4.61,24.5,"17"
"22","2850-57519","2850-57862",114,"grizz",2021-06-15,"ZML","person",3,3,4.27,"6:05","7:05",15.9,15.9,36.9,48.7,1,3,"clear","start habituation 5:50; 2 HOSP ~3m from nest at start of trial; ","grizz 114","early",25,12,13,14,5,9,3500.418,2385.305,1115.113,2956.968,2142.621,814.347,3598.309,24,15,9,3,2,2,2,19.4,17.8,16.4,17.7,1.29614813968157,1.5,51,48.95,47.8,1.41539158303748,39.9,26.7700751879699,10.4,26.8,7.63831047365375,13.9,66,36.3401503759398,15.1,10.9335284861785,36.9,23.6079522862823,11.8,23,6.12326049627881,9.6,68.2,41.2,17.1,12.6442418748473,39.9,26.7768421052632,10.4,26.95,7.82000210309591,13.9,66,36.5510526315789,15.1,11.2323444249265,36.9,24.1038461538462,11.8,23.7,6.28005285879745,9.95,68.2,40.2269230769231,17.1,12.3235605632279,39.9,26.3573684210526,10.4,26.05,7.42901220315864,13.125,66,37.4623684210526,15.1,11.0669434861192,36.9,23.6404411764706,11.8,22.95,6.38196605396613,10.3,68.2,40.2411764705882,17.1,13.2438598480179,39.9,25.4083047945205,10.4,25.1,7.19575528521314,12.2,68.2,38.4330479452055,15.1,11.9409402237431,3.71,9.33333333333333,0,"no",3.71,9.33333333333333,"17"
"23","2850-57519","2850-57862",114,"grizz",2021-06-21,"HS4","camera",3,9,0.96,"6:15","7:15",14.7,14.6,32.5,66.1,0,0,"mostly","start habituation 6:03","grizz 114","mid",9,3,6,9,3,6,1233.99,978.326,255.664,927.446,927.446,0,3614.808,1,1,0,1,1,1,1,15.1,14.9,14.7,14.9,0.158113883008419,0.199999999999999,66.6,66.46,66.3,0.114017542509912,39.9,26.7700751879699,10.4,26.8,7.63831047365375,13.9,66,36.3401503759398,15.1,10.9335284861785,36.9,23.6079522862823,11.8,23,6.12326049627881,9.6,68.2,41.2,17.1,12.6442418748473,39.9,26.7768421052632,10.4,26.95,7.82000210309591,13.9,66,36.5510526315789,15.1,11.2323444249265,36.9,24.1038461538462,11.8,23.7,6.28005285879745,9.95,68.2,40.2269230769231,17.1,12.3235605632279,39.9,26.3573684210526,10.4,26.05,7.42901220315864,13.125,66,37.4623684210526,15.1,11.0669434861192,36.9,23.6404411764706,11.8,22.95,6.38196605396613,10.3,68.2,40.2411764705882,17.1,13.2438598480179,39.9,25.4083047945205,10.4,25.1,7.19575528521314,12.2,68.2,38.4330479452055,15.1,11.9409402237431,14.1633333333333,35.6666666666667,0,"no",10.4533333333333,26.3333333333333,"17"
"24","2850-57519","2850-57862",114,"grizz",2021-06-24,"ZML","person",3,12,4.52,"6:00","7:00",20.3,15.5,37,46.2,0,0,"mostly","start habituation 5:48; HOSP enters barn 3x","grizz 114","late",NA,NA,NA,NA,NA,NA,NA,NA,NA,NA,NA,NA,NA,NA,NA,NA,NA,NA,NA,NA,20.2,20.06,19.9,20.1,0.114017542509914,0.100000000000001,49.1,47.88,46.6,1.05688220724923,39.9,26.7700751879699,10.4,26.8,7.63831047365375,13.9,66,36.3401503759398,15.1,10.9335284861785,36.9,23.6079522862823,11.8,23,6.12326049627881,9.6,68.2,41.2,17.1,12.6442418748473,39.9,26.7768421052632,10.4,26.95,7.82000210309591,13.9,66,36.5510526315789,15.1,11.2323444249265,36.9,24.1038461538462,11.8,23.7,6.28005285879745,9.95,68.2,40.2269230769231,17.1,12.3235605632279,39.9,26.3573684210526,10.4,26.05,7.42901220315864,13.125,66,37.4623684210526,15.1,11.0669434861192,36.9,23.6404411764706,11.8,22.95,6.38196605396613,10.3,68.2,40.2411764705882,17.1,13.2438598480179,39.9,25.4083047945205,10.4,25.1,7.19575528521314,12.2,68.2,38.4330479452055,15.1,11.9409402237431,16.9633333333333,52.3333333333333,0,"no",2.8,16.6666666666667,"17"
"25","2510-63484","2850-57710",11,"vanloon",2021-06-17,"APP","camera",5,3,0.93,"6:00","7:00",21.2,17.9,34.4,39.5,0,0,"partly","","vanloon 11","early",NA,NA,NA,NA,NA,NA,NA,NA,NA,NA,NA,NA,NA,NA,NA,NA,NA,NA,NA,NA,21.3,21.08,20.7,21.2,0.238746727726267,0.199999999999999,44.2,42.32,39.5,2.15800834104041,34.8,24.9818045112782,17.3,24.3,4.83506423291619,8,67.5,42.4392481203008,17.3,11.0070572668079,30.9,21.4632206759443,14.5,21,4.33003721414797,6.45,74.8,51.2693836978131,19.5,14.1174829103137,34.8,25.4380701754386,17.3,24.75,4.98295581375306,8.375,67.5,42.4214035087719,17.3,11.6514961195048,30.9,21.5872909698997,14.5,21.1,4.09782460803409,6.175,74.8,49.8836120401338,19.5,13.5326727523588,34.8,24.1656578947368,15.2,23.1,5.09193654206555,7.825,67.9,44.4023684210526,17.3,11.738686181872,30.9,22.1642156862745,14.5,21.5,4.36027340311652,7.075,74.8,49.6686274509804,19.5,14.9426930226769,34.8,23.4665239726027,14.5,22.4,4.94013355350006,7.425,74.8,46.2419520547945,17.3,13.1834015876082,2.806,7.9,8,"yes",2.806,7.9,"3"
"26","2510-63484","2850-57710",11,"vanloon",2021-06-22,"APP","camera",5,8,0.97,"6:00","7:00",16.4,14.5,22.6,55.1,0,0,"clear","","vanloon 11","mid",NA,NA,NA,NA,NA,NA,NA,NA,NA,NA,NA,NA,NA,NA,NA,NA,NA,NA,NA,NA,17.2,16.84,16.4,16.9,0.378153408023781,0.699999999999999,60.8,56.8,55.1,2.29019649811976,34.8,24.9818045112782,17.3,24.3,4.83506423291619,8,67.5,42.4392481203008,17.3,11.0070572668079,30.9,21.4632206759443,14.5,21,4.33003721414797,6.45,74.8,51.2693836978131,19.5,14.1174829103137,34.8,25.4380701754386,17.3,24.75,4.98295581375306,8.375,67.5,42.4214035087719,17.3,11.6514961195048,30.9,21.5872909698997,14.5,21.1,4.09782460803409,6.175,74.8,49.8836120401338,19.5,13.5326727523588,34.8,24.1656578947368,15.2,23.1,5.09193654206555,7.825,67.9,44.4023684210526,17.3,11.738686181872,30.9,22.1642156862745,14.5,21.5,4.36027340311652,7.075,74.8,49.6686274509804,19.5,14.9426930226769,34.8,23.4665239726027,14.5,22.4,4.94013355350006,7.425,74.8,46.2419520547945,17.3,13.1834015876082,11.724,25.8,11,"yes",8.918,17.9,"3"
"27","2510-63484","2850-57710",11,"vanloon",2021-06-26,"APP","camera",5,12,0.94,"6:00","7:00",19.8,16.3,23.7,64.3,0,0,"mostly","","vanloon 11","late",NA,NA,NA,NA,NA,NA,NA,NA,NA,NA,NA,NA,NA,NA,NA,NA,NA,NA,NA,NA,19.9,19.64,19.3,19.8,0.270185121722126,0.400000000000002,64.6,64.14,63.7,0.350713558335001,34.8,24.9818045112782,17.3,24.3,4.83506423291619,8,67.5,42.4392481203008,17.3,11.0070572668079,30.9,21.4632206759443,14.5,21,4.33003721414797,6.45,74.8,51.2693836978131,19.5,14.1174829103137,34.8,25.4380701754386,17.3,24.75,4.98295581375306,8.375,67.5,42.4214035087719,17.3,11.6514961195048,30.9,21.5872909698997,14.5,21.1,4.09782460803409,6.175,74.8,49.8836120401338,19.5,13.5326727523588,34.8,24.1656578947368,15.2,23.1,5.09193654206555,7.825,67.9,44.4023684210526,17.3,11.738686181872,30.9,22.1642156862745,14.5,21.5,4.36027340311652,7.075,74.8,49.6686274509804,19.5,14.9426930226769,34.8,23.4665239726027,14.5,22.4,4.94013355350006,7.425,74.8,46.2419520547945,17.3,13.1834015876082,17.596,48.5,59,"yes",5.872,22.7,"3"
"28","2350-21096","2850-57717",61,"grizz",2021-06-17,"MJA","person",4,3,4.95,"6:06","7:06",17.8,17.8,39.5,37,0,0,"partly","","grizz 61","early",NA,NA,NA,NA,NA,NA,NA,NA,NA,NA,NA,NA,NA,NA,NA,NA,NA,NA,NA,NA,20.2,18.85,17.8,18.7,1.04721853816033,1.2,42.8,40.725,38.5,1.87505555473253,40.8,27.1111607142857,16,26.1,7.13428220323212,12.7,63.1,35.0074404761905,15,10.3994011920367,37.8,23.2402750491159,12.1,22,6.5998723981779,10.8,77,43.9121807465619,17,14.6997646132107,40.8,27.3657986111111,16,26.35,7.42168107437976,13.9,63.1,35.425,15,10.9160575778748,37.8,23.6120661157025,12.1,22.4,6.40653147643367,10.3,77,42.101652892562,17,14.3069530141184,40.8,26.3196614583333,14.9,25.2,7.1889449672274,12.2,63.9,36.6196614583333,15,11.2435960687847,37.8,23.8123486682809,12.1,22.7,6.8429268672948,12,77,42.98401937046,17,15.3804041357262,40.8,25.4428450465707,12.1,24.3,7.16747905240378,11.8,77,38.845300592718,15,13.1903568531638,3.2125,9,0,"no",3.2125,9,"17"
"29","2350-21096","2850-57717",61,"grizz",2021-06-22,"SAM","person",4,8,4.09,"6:06","7:06",12.1,12,28.9,60.1,0,0,"clear","habituation start at 5:51","grizz 61","mid",NA,NA,NA,NA,NA,NA,NA,NA,NA,NA,NA,NA,NA,NA,NA,NA,NA,NA,NA,NA,15.1,13.675,12.5,13.55,1.13247516529061,1.325,65.5,62.9,60.8,1.97484176581315,40.8,27.1111607142857,16,26.1,7.13428220323212,12.7,63.1,35.0074404761905,15,10.3994011920367,37.8,23.2402750491159,12.1,22,6.5998723981779,10.8,77,43.9121807465619,17,14.6997646132107,40.8,27.3657986111111,16,26.35,7.42168107437976,13.9,63.1,35.425,15,10.9160575778748,37.8,23.6120661157025,12.1,22.4,6.40653147643367,10.3,77,42.101652892562,17,14.3069530141184,40.8,26.3196614583333,14.9,25.2,7.1889449672274,12.2,63.9,36.6196614583333,15,11.2435960687847,37.8,23.8123486682809,12.1,22.7,6.8429268672948,12,77,42.98401937046,17,15.3804041357262,40.8,25.4428450465707,12.1,24.3,7.16747905240378,11.8,77,38.845300592718,15,13.1903568531638,12.7375,29,0,"no",9.525,20,"17"
"30","2350-21096","2850-57717",61,"grizz",2021-06-26,"APP","person",4,12,4.36,"6:13","7:13",15.2,14.8,31.7,72.1,0,0,"mostly","habituation start at 5:58","grizz 61","late",NA,NA,NA,NA,NA,NA,NA,NA,NA,NA,NA,NA,NA,NA,NA,NA,NA,NA,NA,NA,18.1,16.475,15.3,16.25,1.25532200384337,1.525,77,74.9,72.7,2.07364413533277,40.8,27.1111607142857,16,26.1,7.13428220323212,12.7,63.1,35.0074404761905,15,10.3994011920367,37.8,23.2402750491159,12.1,22,6.5998723981779,10.8,77,43.9121807465619,17,14.6997646132107,40.8,27.3657986111111,16,26.35,7.42168107437976,13.9,63.1,35.425,15,10.9160575778748,37.8,23.6120661157025,12.1,22.4,6.40653147643367,10.3,77,42.101652892562,17,14.3069530141184,40.8,26.3196614583333,14.9,25.2,7.1889449672274,12.2,63.9,36.6196614583333,15,11.2435960687847,37.8,23.8123486682809,12.1,22.7,6.8429268672948,12,77,42.98401937046,17,15.3804041357262,40.8,25.4428450465707,12.1,24.3,7.16747905240378,11.8,77,38.845300592718,15,13.1903568531638,17.11,52.5,0,"no",4.3725,23.5,"17"
"31","2850-57861","2850-57713",6,"grizz",2021-06-19,"HS4","camera",2,4,0.97,"6:00","7:00",16.7,16.6,37.5,53.4,0,0,"partly","","grizz 6","early",NA,NA,NA,NA,NA,NA,NA,NA,NA,NA,NA,NA,NA,NA,NA,NA,NA,NA,NA,NA,16.8,16.65,16.6,16.6,0.0999999999999996,0.0500000000000007,54.7,54,53.5,0.55976185412489,40.2,25.9662202380952,15.1,24.95,6.84611817947074,10.9,64,36.0177083333333,14.8,10.8628325749395,37.3,22.6597359735974,12.4,21.6,6.24805127408244,10.5,75.5,47.3422442244224,16.3,15.369565211477,40.2,26.8059027777778,16.2,25.85,6.78794070463656,11.425,60,34.0041666666667,14.8,9.46920959926343,37.3,22.4229344729345,12.4,21.45,6.08771836687504,10.2,75.5,47.4457264957265,16.3,14.8331857083668,40.2,25.7559895833333,12.4,24.85,7.03159497077352,11.25,64.6,36.82578125,14.8,11.4197939694246,37.3,22.3539215686275,14.1,21.4,5.79290385577433,9.5,75.5,48.2570588235294,16.3,15.5377991217738,40.2,24.3983568075117,12.4,23,6.77130192768321,10.375,75.5,41.387558685446,14.8,14.349890850122,4.895,11.5,0,"no",4.895,11.5,"17"
"32","2850-57861","2850-57713",6,"grizz",2021-06-24,"HS4","camera",2,9,0.76,"6:00","7:00",20.7,15.9,37.4,44.2,0,0,"mostly","","grizz 6","mid",NA,NA,NA,NA,NA,NA,NA,NA,NA,NA,NA,NA,NA,NA,NA,NA,NA,NA,NA,NA,20.6,20.525,20.4,20.55,0.0957427107756352,0.125,46.8,45.625,44.7,0.997914491994845,40.2,25.9662202380952,15.1,24.95,6.84611817947074,10.9,64,36.0177083333333,14.8,10.8628325749395,37.3,22.6597359735974,12.4,21.6,6.24805127408244,10.5,75.5,47.3422442244224,16.3,15.369565211477,40.2,26.8059027777778,16.2,25.85,6.78794070463656,11.425,60,34.0041666666667,14.8,9.46920959926343,37.3,22.4229344729345,12.4,21.45,6.08771836687504,10.2,75.5,47.4457264957265,16.3,14.8331857083668,40.2,25.7559895833333,12.4,24.85,7.03159497077352,11.25,64.6,36.82578125,14.8,11.4197939694246,37.3,22.3539215686275,14.1,21.4,5.79290385577433,9.5,75.5,48.2570588235294,16.3,15.5377991217738,40.2,24.3983568075117,12.4,23,6.77130192768321,10.375,75.5,41.387558685446,14.8,14.349890850122,15.085,38.75,0,"no",10.19,27.25,"17"
"33","2850-57861","2850-57713",6,"grizz",2021-06-28,"MJA","person",2,13,5.49,"6:28","7:28",15.2,14.2,29.7,67.8,0,0,"mostly","chillier than normal temps in barn; pair skittish or ZML completing obervation nearby; not very much visitation","grizz 6","late",NA,NA,NA,NA,NA,NA,NA,NA,NA,NA,NA,NA,NA,NA,NA,NA,NA,NA,NA,NA,16.6,16.15,15.7,16.15,0.369684550213648,0.299999999999997,69.2,69.125,69,0.0957427107756358,40.2,25.9662202380952,15.1,24.95,6.84611817947074,10.9,64,36.0177083333333,14.8,10.8628325749395,37.3,22.6597359735974,12.4,21.6,6.24805127408244,10.5,75.5,47.3422442244224,16.3,15.369565211477,40.2,26.8059027777778,16.2,25.85,6.78794070463656,11.425,60,34.0041666666667,14.8,9.46920959926343,37.3,22.4229344729345,12.4,21.45,6.08771836687504,10.2,75.5,47.4457264957265,16.3,14.8331857083668,40.2,25.7559895833333,12.4,24.85,7.03159497077352,11.25,64.6,36.82578125,14.8,11.4197939694246,37.3,22.3539215686275,14.1,21.4,5.79290385577433,9.5,75.5,48.2570588235294,16.3,15.5377991217738,40.2,24.3983568075117,12.4,23,6.77130192768321,10.375,75.5,41.387558685446,14.8,14.349890850122,20.99,60,0,"no",5.905,21.25,"17"
"34","2850-57604","2850-57701",110,"schaaps",2021-06-19,"MJA","person",3,4,2.74,"6:22","7:22",16.6,16.6,37.5,53.3,0,0,"fully","possibly 3 adults at this nest (parents and a random UNB female or juvenile male?); no day 8 obs","schaaps 110","early",NA,NA,NA,NA,NA,NA,NA,NA,NA,NA,NA,NA,NA,NA,NA,NA,NA,NA,NA,NA,18.4,18.25,18.1,18.25,0.12909944487358,0.150000000000006,54.8,52.375,50.4,1.82642638322308,34.2,24.2975961538462,16,23.6,4.42760681151985,5.4,60.4,38.1945512820513,17.9,9.97827024919175,32.5,21.1877926421405,13.2,20.2,4.54946034429001,6.5,71.5,48.994983277592,18,13.9765576017498,34.2,25.241965973535,18.1,24.3,4.01227953122895,5.5,56.9,35.7756143667297,17.9,8.69098228936382,32.5,20.8932178932179,13.2,19.9,4.39213993890408,5.9,71.5,49.3608946608947,18,13.1147244524741,34.2,24.0048678720445,13.2,23.6,4.71618338718617,5.8,66.4,39.2527121001391,17.9,10.7460929099489,32.5,21.0188866799205,15.1,20.1,4.21387637888624,5.3,71.5,49.5222664015905,18,14.1241049229008,34.2,22.7757774140753,13.2,22.2,4.74774682638859,6.9,71.5,43.4798690671031,17.9,13.2471697340054,4.37,10.1666666666667,0,"no",4.37,10.1666666666667,"11"
"35","2850-57604","2850-57701",110,"schaaps",2021-06-28,"H8","camera",3,13,0.91,"6:00","7:00",15.5,15.1,21.9,61.1,0,0,"mostly","","schaaps 110","late",NA,NA,NA,NA,NA,NA,NA,NA,NA,NA,NA,NA,NA,NA,NA,NA,NA,NA,NA,NA,15.7,15.58,15.5,15.6,0.0836660026534072,0.0999999999999996,63.2,61.94,60.9,0.960728889958037,34.2,24.2975961538462,16,23.6,4.42760681151985,5.4,60.4,38.1945512820513,17.9,9.97827024919175,32.5,21.1877926421405,13.2,20.2,4.54946034429001,6.5,71.5,48.994983277592,18,13.9765576017498,34.2,25.241965973535,18.1,24.3,4.01227953122895,5.5,56.9,35.7756143667297,17.9,8.69098228936382,32.5,20.8932178932179,13.2,19.9,4.39213993890408,5.9,71.5,49.3608946608947,18,13.1147244524741,34.2,24.0048678720445,13.2,23.6,4.71618338718617,5.8,66.4,39.2527121001391,17.9,10.7460929099489,32.5,21.0188866799205,15.1,20.1,4.21387637888624,5.3,71.5,49.5222664015905,18,14.1241049229008,34.2,22.7757774140753,13.2,22.2,4.74774682638859,6.9,71.5,43.4798690671031,17.9,13.2471697340054,19.3333333333333,55.8333333333333,1,"yes",NA,NA,"11"
"36","2850-57715","2850-57859",140,"grizz",2021-06-21,"MJA","person",2,4,5.44,"6:15","7:15",15,14.9,33.8,63.7,0,0,"mostly","3 UNB males perching/singing near nest; HOFI nest nearby and enters barn 6 times","grizz 140","early",NA,NA,NA,NA,NA,NA,NA,NA,NA,NA,NA,NA,NA,NA,NA,NA,NA,NA,NA,NA,15.4,15.2,15,15.2,0.182574185835056,0.250000000000002,64.5,64.125,63.9,0.287228132326902,40,24.935119047619,12,24.7,6.71734316829579,10.6,66.3,38.3889880952381,14.8,11.8916994753141,34.5,21.184842519685,13.3,20.8,5.0397577677696,8.2,77.7,51.9803149606299,24,12.9885067651131,40,24.7692708333333,12,24.05,6.61403594391437,10.1,66.3,39.3763888888889,14.8,11.4518241485146,36.8,21.9390728476821,13.3,21.35,5.71697566442141,9.125,77.7,48.8784768211921,16.9,14.7860339397057,40,25.0098958333333,12,24.4,6.49079829994905,10,66.3,38.1493489583333,14.8,11.4333337582361,31.3,20.1716019417476,13.3,19.5,4.58295205033451,7.625,77.7,55.593932038835,32.2,11.247695068567,40,23.320593220339,12,22.2,6.32881917500505,10,77.7,44.2401694915254,14.8,14.0838509161888,3.79,9,0,"no",3.79,9,"17"
"37","2850-57715","2850-57859",140,"grizz",2021-06-26,"MJA","person",2,9,2.82,"6:13","7:13",15,14.7,31.5,73.5,0,0,"mostly","HOFI visits nearby nest 3 times; male has growth on its bill; asynchronous hatch...one nestling may be only day 5","grizz 140","mid",NA,NA,NA,NA,NA,NA,NA,NA,NA,NA,NA,NA,NA,NA,NA,NA,NA,NA,NA,NA,18.5,16.825,15.3,16.75,1.41273965518539,1.775,77.7,75.975,74.3,1.43614066163451,40,24.935119047619,12,24.7,6.71734316829579,10.6,66.3,38.3889880952381,14.8,11.8916994753141,34.5,21.184842519685,13.3,20.8,5.0397577677696,8.2,77.7,51.9803149606299,24,12.9885067651131,40,24.7692708333333,12,24.05,6.61403594391437,10.1,66.3,39.3763888888889,14.8,11.4518241485146,36.8,21.9390728476821,13.3,21.35,5.71697566442141,9.125,77.7,48.8784768211921,16.9,14.7860339397057,40,25.0098958333333,12,24.4,6.49079829994905,10,66.3,38.1493489583333,14.8,11.4333337582361,31.3,20.1716019417476,13.3,19.5,4.58295205033451,7.625,77.7,55.593932038835,32.2,11.247695068567,40,23.320593220339,12,22.2,6.32881917500505,10,77.7,44.2401694915254,14.8,14.0838509161888,11.55,27.5,0,"no",7.76,18.5,"17"
"38","2850-57715","2850-57859",140,"grizz",2021-06-29,"MJA","person",2,12,3.25,"5:55","6:55",13.4,13.4,27.7,63.6,0,0,"partly","HOFI visits nearby nest 11 times; all birds alarm calling outside for several minutes due to suspected predator though predator sighting never confirmed","grizz 140","late",NA,NA,NA,NA,NA,NA,NA,NA,NA,NA,NA,NA,NA,NA,NA,NA,NA,NA,NA,NA,13.9,13.58,13.3,13.6,0.238746727726266,0.299999999999999,67,65.06,64,1.20747670784989,40,24.935119047619,12,24.7,6.71734316829579,10.6,66.3,38.3889880952381,14.8,11.8916994753141,34.5,21.184842519685,13.3,20.8,5.0397577677696,8.2,77.7,51.9803149606299,24,12.9885067651131,40,24.7692708333333,12,24.05,6.61403594391437,10.1,66.3,39.3763888888889,14.8,11.4518241485146,36.8,21.9390728476821,13.3,21.35,5.71697566442141,9.125,77.7,48.8784768211921,16.9,14.7860339397057,40,25.0098958333333,12,24.4,6.49079829994905,10,66.3,38.1493489583333,14.8,11.4333337582361,31.3,20.1716019417476,13.3,19.5,4.58295205033451,7.625,77.7,55.593932038835,32.2,11.247695068567,40,23.320593220339,12,22.2,6.32881917500505,10,77.7,44.2401694915254,14.8,14.0838509161888,17.07,46,0,"no",5.52,18.5,"17"
"39","2850-57863","2850-57714",151,"grizz",2021-06-22,"ZML","person",5,3,4.34,"6:06","7:06",12.3,12.2,28.3,62,0,0,"clear","","grizz 151","early",NA,NA,NA,NA,NA,NA,NA,NA,NA,NA,NA,NA,NA,NA,NA,NA,NA,NA,NA,NA,13.8,13,12.3,12.95,0.648074069840786,0.75,66.4,63.75,61.7,2.06962154350339,36.8,23.5608630952381,12.2,22.55,5.87536988078816,9.025,70.8,42.966369047619,18.1,13.0476005719923,28.1,19.504375,13.4,18.25,4.23693043906252,7.2,77.4,57.27375,31.6,11.7127772982166,36.8,24.0256944444444,12.2,23.35,6.00337002781115,8.95,68.5,40.6255208333333,18.1,12.0820322825296,30.3,19.796875,13.4,19.15,4.22660704091512,6.825,77.4,57.2132211538462,31.6,11.1905551057608,36.8,23.0700520833333,12.2,21.9,5.77087404300513,9,77.4,45.3458333333333,18.1,14.1037766062458,28.1,19.4486607142857,13.4,17.8,4.56089814841808,7.825,73,55.2473214285714,31.6,12.1273730316826,36.8,22.2523185483871,12.2,21.3,5.72287130478036,9.225,77.4,47.5816532258064,18.1,14.2900693076015,2.568,8.2,0,"no",2.568,8.2,"17"
"40","2850-57863","2850-57714",151,"grizz",2021-06-28,"ZML","person",5,9,4.88,"6:20","7:20",14.7,14,28.2,69.2,0,0,"mostly","","grizz 151","mid",NA,NA,NA,NA,NA,NA,NA,NA,NA,NA,NA,NA,NA,NA,NA,NA,NA,NA,NA,NA,15.9,15.4,14.8,15.45,0.469041575982343,0.499999999999998,70.8,70.25,69.4,0.602771377334167,36.8,23.5608630952381,12.2,22.55,5.87536988078816,9.025,70.8,42.966369047619,18.1,13.0476005719923,28.1,19.504375,13.4,18.25,4.23693043906252,7.2,77.4,57.27375,31.6,11.7127772982166,36.8,24.0256944444444,12.2,23.35,6.00337002781115,8.95,68.5,40.6255208333333,18.1,12.0820322825296,30.3,19.796875,13.4,19.15,4.22660704091512,6.825,77.4,57.2132211538462,31.6,11.1905551057608,36.8,23.0700520833333,12.2,21.9,5.77087404300513,9,77.4,45.3458333333333,18.1,14.1037766062458,28.1,19.4486607142857,13.4,17.8,4.56089814841808,7.825,73,55.2473214285714,31.6,12.1273730316826,36.8,22.2523185483871,12.2,21.3,5.72287130478036,9.225,77.4,47.5816532258064,18.1,14.2900693076015,13.472,29.5,0,"no",10.904,21.3,"17"
"41","2850-57863","2850-57714",151,"grizz",2021-07-01,"ZML","person",5,12,5.18,"6:26","7:26",18.4,13.8,32,73.1,0,0,"mostly","","grizz 151","late",NA,NA,NA,NA,NA,NA,NA,NA,NA,NA,NA,NA,NA,NA,NA,NA,NA,NA,NA,NA,NA,NA,NA,NA,NA,NA,NA,NA,NA,NA,36.8,23.5608630952381,12.2,22.55,5.87536988078816,9.025,70.8,42.966369047619,18.1,13.0476005719923,28.1,19.504375,13.4,18.25,4.23693043906252,7.2,77.4,57.27375,31.6,11.7127772982166,36.8,24.0256944444444,12.2,23.35,6.00337002781115,8.95,68.5,40.6255208333333,18.1,12.0820322825296,30.3,19.796875,13.4,19.15,4.22660704091512,6.825,77.4,57.2132211538462,31.6,11.1905551057608,36.8,23.0700520833333,12.2,21.9,5.77087404300513,9,77.4,45.3458333333333,18.1,14.1037766062458,28.1,19.4486607142857,13.4,17.8,4.56089814841808,7.825,73,55.2473214285714,31.6,12.1273730316826,36.8,22.2523185483871,12.2,21.3,5.72287130478036,9.225,77.4,47.5816532258064,18.1,14.2900693076015,17.238,47.8,1,"yes",3.766,18.3,"17"
"42","2850-57611","2850-57606",71,"schaaps",2021-06-23,"APP","person",4,3,4.22,"5:57","6:57",18.3,13,37.2,36.8,3,5,"mostly","","schaaps 71","early",NA,NA,NA,NA,NA,NA,NA,NA,NA,NA,NA,NA,NA,NA,NA,NA,NA,NA,NA,NA,18.6,18.35,18.2,18.3,0.191485421551268,0.25,36.9,35.075,33.2,1.5305227865014,37.1,24.4352678571429,13,23.05,6.34444194506621,10.15,76.5,38.9010416666667,14.9,13.2629707213707,35.6,22.248431372549,14.2,21.3,5.38615224826127,9.9,80.1,47.8254901960784,29.5,11.2533119881331,37.1,24.9451388888889,13,23.95,6.35679251754461,10.125,66.6,36.93125,14.9,12.508159250109,35.6,22.1102310231023,14.2,21.2,5.38649927986579,9.875,80.1,48.2839933993399,28.8,11.322666124135,37.1,24.007421875,13,22.9,6.30061023257943,10.125,76.5,40.0424479166667,14.9,13.3100336718844,35.6,22.5350241545894,14.2,21.5,5.41962672824496,9.575,80.1,47.7775362318841,29.5,11.3933480749,37.1,23.4917089678511,13,22.7,6.04541650771953,9.8,80.1,42.7516920473773,14.9,13.1938157971323,3.61,8.75,0,"no",3.61,8.75,"11"
"43","2850-57611","2850-57606",71,"schaaps",2021-06-28,"APP","camera",4,8,0.97,"6:16","7:16",14.8,14.7,31.9,61,0,0,"mostly","","schaaps 71","mid",NA,NA,NA,NA,NA,NA,NA,NA,NA,NA,NA,NA,NA,NA,NA,NA,NA,NA,NA,NA,18.1,16.225,14.8,16,1.48632656797444,1.875,68.3,64.3,61,3.05395917894569,37.1,24.4352678571429,13,23.05,6.34444194506621,10.15,76.5,38.9010416666667,14.9,13.2629707213707,35.6,22.248431372549,14.2,21.3,5.38615224826127,9.9,80.1,47.8254901960784,29.5,11.2533119881331,37.1,24.9451388888889,13,23.95,6.35679251754461,10.125,66.6,36.93125,14.9,12.508159250109,35.6,22.1102310231023,14.2,21.2,5.38649927986579,9.875,80.1,48.2839933993399,28.8,11.322666124135,37.1,24.007421875,13,22.9,6.30061023257943,10.125,76.5,40.0424479166667,14.9,13.3100336718844,35.6,22.5350241545894,14.2,21.5,5.41962672824496,9.575,80.1,47.7775362318841,29.5,11.3933480749,37.1,23.4917089678511,13,22.7,6.04541650771953,9.8,80.1,42.7516920473773,14.9,13.1938157971323,14.135,28.75,0,"no",10.525,20,"11"
"44","2850-57611","2850-57606",71,"schaaps",2021-07-02,"SAM","camera",4,12,0.81,"6:22","7:22",15.2,15.1,32.1,70.7,0,0,"mostly","","schaaps 71","late",NA,NA,NA,NA,NA,NA,NA,NA,NA,NA,NA,NA,NA,NA,NA,NA,NA,NA,NA,NA,19.3,16.975,15.4,16.6,1.74618632071915,2.025,80.1,75.475,70.9,4.14598199063462,37.1,24.4352678571429,13,23.05,6.34444194506621,10.15,76.5,38.9010416666667,14.9,13.2629707213707,35.6,22.248431372549,14.2,21.3,5.38615224826127,9.9,80.1,47.8254901960784,29.5,11.2533119881331,37.1,24.9451388888889,13,23.95,6.35679251754461,10.125,66.6,36.93125,14.9,12.508159250109,35.6,22.1102310231023,14.2,21.2,5.38649927986579,9.875,80.1,48.2839933993399,28.8,11.322666124135,37.1,24.007421875,13,22.9,6.30061023257943,10.125,76.5,40.0424479166667,14.9,13.3100336718844,35.6,22.5350241545894,14.2,21.5,5.41962672824496,9.575,80.1,47.7775362318841,29.5,11.3933480749,37.1,23.4917089678511,13,22.7,6.04541650771953,9.8,80.1,42.7516920473773,14.9,13.1938157971323,19.605,53.75,0,"no",5.47,25,"11"
"45","2850-57561","2850-57563",74,"schaaps",2021-06-23,"APP","person",4,3,1.98,"5:57","6:57",19,14,30.3,37.8,3,5,"mostly","not possible to score away from nest modifiers","schaaps 74","early",NA,NA,NA,NA,NA,NA,NA,NA,NA,NA,NA,NA,NA,NA,NA,NA,NA,NA,NA,NA,19.4,19.075,18.6,19.15,0.340342964277701,0.274999999999999,37.3,35.1,32.5,1.97989898732233,32.2,22.55,14,22,4.494504012561,6.7,69.7,43.6675595238095,17.9,13.042758569957,26.1,20.321021611002,14.9,20.4,3.18624784538322,5.8,71.6,54.1905697445972,37,7.92293525287243,32.2,23.0814236111111,14,22.55,4.5270032765019,6.8,65.3,41.2715277777778,17.9,12.2788693046618,26.1,20.1687603305785,14.9,20.2,3.11577368339003,5.6,71.6,54.8019834710744,37,7.86825266706903,32.2,22.1259114583333,14,21.7,4.45500675843531,6.9,69.7,45.0364583333333,17.9,12.9678008199221,26.1,20.5915254237288,14.9,20.5,3.22904759884241,5.5,71.6,54.0910411622276,37,8.11110003737241,32.2,21.5893310753599,14,21.2,4.13243121812083,6.1,71.6,48.2028789161727,17.9,12.2856596234302,3.24,9,0,"no",3.24,9,"11"
"46","2850-57561","2850-57563",74,"schaaps",2021-06-28,"APP","camera",3,8,1.02,"6:16","7:16",15.2,15,23.8,61.8,0,0,"mostly","","schaaps 74","mid",NA,NA,NA,NA,NA,NA,NA,NA,NA,NA,NA,NA,NA,NA,NA,NA,NA,NA,NA,NA,16.8,16.2,15.5,16.25,0.571547606649409,0.699999999999999,65,64.125,62.4,1.17579760163049,32.2,22.55,14,22,4.494504012561,6.7,69.7,43.6675595238095,17.9,13.042758569957,26.1,20.321021611002,14.9,20.4,3.18624784538322,5.8,71.6,54.1905697445972,37,7.92293525287243,32.2,23.0814236111111,14,22.55,4.5270032765019,6.8,65.3,41.2715277777778,17.9,12.2788693046618,26.1,20.1687603305785,14.9,20.2,3.11577368339003,5.6,71.6,54.8019834710744,37,7.86825266706903,32.2,22.1259114583333,14,21.7,4.45500675843531,6.9,69.7,45.0364583333333,17.9,12.9678008199221,26.1,20.5915254237288,14.9,20.5,3.22904759884241,5.5,71.6,54.0910411622276,37,8.11110003737241,32.2,21.5893310753599,14,21.2,4.13243121812083,6.1,71.6,48.2028789161727,17.9,12.2856596234302,14.8233333333333,30.3333333333333,2,"yes",11.5833333333333,21.3333333333333,"11"
"47","2850-57561","2850-57563",74,"schaaps",2021-07-02,"APP","camera",3,12,1.04,"6:15","7:15",15.5,15.5,26.1,70.2,0,0,"mostly","","schaaps 74","late",NA,NA,NA,NA,NA,NA,NA,NA,NA,NA,NA,NA,NA,NA,NA,NA,NA,NA,NA,NA,17.1,16.25,15.6,16.15,0.655743852430201,0.749999999999998,71.6,70.95,70.6,0.443471156521668,32.2,22.55,14,22,4.494504012561,6.7,69.7,43.6675595238095,17.9,13.042758569957,26.1,20.321021611002,14.9,20.4,3.18624784538322,5.8,71.6,54.1905697445972,37,7.92293525287243,32.2,23.0814236111111,14,22.55,4.5270032765019,6.8,65.3,41.2715277777778,17.9,12.2788693046618,26.1,20.1687603305785,14.9,20.2,3.11577368339003,5.6,71.6,54.8019834710744,37,7.86825266706903,32.2,22.1259114583333,14,21.7,4.45500675843531,6.9,69.7,45.0364583333333,17.9,12.9678008199221,26.1,20.5915254237288,14.9,20.5,3.22904759884241,5.5,71.6,54.0910411622276,37,8.11110003737241,32.2,21.5893310753599,14,21.2,4.13243121812083,6.1,71.6,48.2028789161727,17.9,12.2856596234302,19.6133333333333,54.5,6,"yes",4.79,24.1666666666667,"11"
"48","2850-57718","2850-57560",54,"grizz",2021-06-24,"MJA","person",4,3,5.81,"6:00","7:00",22.1,16.1,36.6,44.7,0,0,"mostly ","","grizz 54","early",NA,NA,NA,NA,NA,NA,NA,NA,NA,NA,NA,NA,NA,NA,NA,NA,NA,NA,NA,NA,21,20.85,20.7,20.85,0.129099444873581,0.149999999999995,46.9,46.125,44.8,0.917877987534292,36.6,22.7635416666667,12.6,22,5.65237862843733,9.125,76.2,46.838244047619,17.1,14.23767839336,31.2,22.0767716535433,14.1,21.7,5.00936123780981,8.9,77,53.1116141732283,32.6,11.2269840369018,36.6,23.0730902777778,12.6,22.2,5.7231935292025,8.95,76.2,45.7748263888889,17.1,14.181222427387,31.2,21.8907284768212,14.1,21.6,4.99597318435787,9.1,77,53.128642384106,32.6,11.4987240251643,36.6,22.479296875,12.6,21.8,5.48548408253122,8.5,76.2,47.373828125,17.1,13.9423409388231,31.2,22.4466019417476,14.1,21.9,5.2242335478357,9.825,77,53.575,32.6,11.237538380644,36.6,22.4678813559322,12.6,21.9,5.39350540110799,9.1,77,49.5389830508475,17.1,13.3876066769143,3.3,6.25,0,"no",3.3,6.25,"17"
"49","2850-57718","2850-57560",54,"grizz",2021-06-29,"APP","camera",4,8,0.97,"6:00","7:00",17.2,14,26.8,65.7,0,0,"partly","Very dark footage. Only use total visitation rate. ","grizz 54","mid",NA,NA,NA,NA,NA,NA,NA,NA,NA,NA,NA,NA,NA,NA,NA,NA,NA,NA,NA,NA,14.8,14.55,14.2,14.6,0.264575131106459,0.299999999999997,63.1,62.625,62.3,0.340342964277704,36.6,22.7635416666667,12.6,22,5.65237862843733,9.125,76.2,46.838244047619,17.1,14.23767839336,31.2,22.0767716535433,14.1,21.7,5.00936123780981,8.9,77,53.1116141732283,32.6,11.2269840369018,36.6,23.0730902777778,12.6,22.2,5.7231935292025,8.95,76.2,45.7748263888889,17.1,14.181222427387,31.2,21.8907284768212,14.1,21.6,4.99597318435787,9.1,77,53.128642384106,32.6,11.4987240251643,36.6,22.479296875,12.6,21.8,5.48548408253122,8.5,76.2,47.373828125,17.1,13.9423409388231,31.2,22.4466019417476,14.1,21.9,5.2242335478357,9.825,77,53.575,32.6,11.237538380644,36.6,22.4678813559322,12.6,21.9,5.39350540110799,9.1,77,49.5389830508475,17.1,13.3876066769143,13.61,29.375,0,"no",10.31,23.125,"17"
"50","2850-57718","2850-57560",54,"grizz",2021-07-03,"MJA","person",4,12,6.4,"5:57","6:57",16.2,14.4,30.9,64,2,5,"clear","","grizz 54","late",NA,NA,NA,NA,NA,NA,NA,NA,NA,NA,NA,NA,NA,NA,NA,NA,NA,NA,NA,NA,19.1,17.6,16.3,17.5,1.21928941054479,1.45,66.4,65.175,64.1,1.06262254195301,36.6,22.7635416666667,12.6,22,5.65237862843733,9.125,76.2,46.838244047619,17.1,14.23767839336,31.2,22.0767716535433,14.1,21.7,5.00936123780981,8.9,77,53.1116141732283,32.6,11.2269840369018,36.6,23.0730902777778,12.6,22.2,5.7231935292025,8.95,76.2,45.7748263888889,17.1,14.181222427387,31.2,21.8907284768212,14.1,21.6,4.99597318435787,9.1,77,53.128642384106,32.6,11.4987240251643,36.6,22.479296875,12.6,21.8,5.48548408253122,8.5,76.2,47.373828125,17.1,13.9423409388231,31.2,22.4466019417476,14.1,21.9,5.2242335478357,9.825,77,53.575,32.6,11.237538380644,36.6,22.4678813559322,12.6,21.9,5.39350540110799,9.1,77,49.5389830508475,17.1,13.3876066769143,18.25,56.5,0,"no",4.64,27.125,"17"
"51","2850-57402","2850-57858",86,"grizz",2021-06-24,"SAM","person",3,3,3.99,"6:00","7:00",21.2,16.1,36.5,44.7,0,0,"mostly","","grizz 86","early",NA,NA,NA,NA,NA,NA,NA,NA,NA,NA,NA,NA,NA,NA,NA,NA,NA,NA,NA,NA,21.1,20.96,20.8,21,0.114017542509914,0.100000000000001,48.3,46.22,44.8,1.48559752288431,36.3,23.7446529080675,14.5,23.1,5.63678127318969,9.3,77,45.7227016885553,16.4,15.1728868361561,31.9,22.1771825396825,14,21.75,5.18602411503096,9.1,78.7,53.2819444444444,31.6,11.769194017517,36.3,24.3271689497717,15.5,23.5,5.61356372437668,9.075,77,44.0908675799087,16.4,15.1057556029094,31.9,21.9998330550918,14,21.5,5.16076171805523,9.25,78.7,53.2762938230384,31.6,11.9843573750447,36.3,23.2713375796178,14.5,22.6,5.50324597218368,8.825,77,46.5292993630573,16.4,14.7902518055523,31.9,22.5398533007335,14,22,5.41111338059389,10,78.7,53.7992665036675,31.6,11.7887959624797,36.3,22.9828351012536,14,22.4,5.47616584304591,9.3,78.7,49.39662487946,16.4,14.133608122449,3.13,7.5,0,"no",3.13,7.5,"17"
"52","2850-57402","2850-57858",86,"grizz",2021-06-29,"APP","person",3,8,6.32,"5:55","6:55",14.1,14.1,26.6,62.3,0,0,"partly","","grizz 86","mid",NA,NA,NA,NA,NA,NA,NA,NA,NA,NA,NA,NA,NA,NA,NA,NA,NA,NA,NA,NA,14.5,14.275,14,14.3,0.221735578260835,0.275000000000002,63.9,63.325,62.9,0.434932945023329,36.3,23.7446529080675,14.5,23.1,5.63678127318969,9.3,77,45.7227016885553,16.4,15.1728868361561,31.9,22.1771825396825,14,21.75,5.18602411503096,9.1,78.7,53.2819444444444,31.6,11.769194017517,36.3,24.3271689497717,15.5,23.5,5.61356372437668,9.075,77,44.0908675799087,16.4,15.1057556029094,31.9,21.9998330550918,14,21.5,5.16076171805523,9.25,78.7,53.2762938230384,31.6,11.9843573750447,36.3,23.2713375796178,14.5,22.6,5.50324597218368,8.825,77,46.5292993630573,16.4,14.7902518055523,31.9,22.5398533007335,14,22,5.41111338059389,10,78.7,53.7992665036675,31.6,11.7887959624797,36.3,22.9828351012536,14,22.4,5.47616584304591,9.3,78.7,49.39662487946,16.4,14.133608122449,13.4033333333333,27.6666666666667,0,"no",10.2733333333333,20.1666666666667,"17"
"53","2850-57402","2850-57858",86,"grizz",2021-07-03,"ZML","person",3,12,5.79,"6:16","7:16",16.6,14.3,31.7,65,0,0,"clear","","grizz 86","late",NA,NA,NA,NA,NA,NA,NA,NA,NA,NA,NA,NA,NA,NA,NA,NA,NA,NA,NA,NA,20.2,18.65,17.2,18.6,1.29228479833201,1.5,67.9,67.1,66.5,0.605530070819501,36.3,23.7446529080675,14.5,23.1,5.63678127318969,9.3,77,45.7227016885553,16.4,15.1728868361561,31.9,22.1771825396825,14,21.75,5.18602411503096,9.1,78.7,53.2819444444444,31.6,11.769194017517,36.3,24.3271689497717,15.5,23.5,5.61356372437668,9.075,77,44.0908675799087,16.4,15.1057556029094,31.9,21.9998330550918,14,21.5,5.16076171805523,9.25,78.7,53.2762938230384,31.6,11.9843573750447,36.3,23.2713375796178,14.5,22.6,5.50324597218368,8.825,77,46.5292993630573,16.4,14.7902518055523,31.9,22.5398533007335,14,22,5.41111338059389,10,78.7,53.7992665036675,31.6,11.7887959624797,36.3,22.9828351012536,14,22.4,5.47616584304591,9.3,78.7,49.39662487946,16.4,14.133608122449,19.4266666666667,50.5,0,"no",6.02333333333333,22.8333333333333,"17"
"54","2811-38779","2850-57712",161,"grizz",2021-06-26,"ZML","person",4,3,7.11,"6:13","7:13",15.2,14.7,29.7,72.7,0,0,"mostly","","grizz 161","early",NA,NA,NA,NA,NA,NA,NA,NA,NA,NA,NA,NA,NA,NA,NA,NA,NA,NA,NA,NA,18.6,16.625,15.3,16.3,1.54353490404331,2.025,77,75.25,73,1.96892525674965,36.9,22.7052050473186,13.5,22.1,5.54135006495776,9.3,84.6,47.6652996845426,16,14.6589138237253,34,23.194422310757,13.5,22.4,5.53858618161331,10.2,78.3,53.4890438247012,32.6,11.5270479227963,36.9,22.8094619666048,14,22.1,5.51967109897293,8.9,84.6,47.561038961039,16,15.3318933942414,34,23.022445561139,13.5,22.7,5.56670640358305,10.1,78.3,52.6564489112228,32.6,11.4599131841128,36.9,22.8013717421125,13.5,22.4,5.60764277182474,9.8,84.6,47.6971193415638,16,14.2457389016942,34,23.1363636363636,14,21.9,5.42553754758464,9.8,78.3,54.7914004914005,32.6,11.2305332288908,36.9,22.9213908450704,13.5,22.25,5.5430195974467,9.5,84.6,50.2388204225352,16,13.6698903191887,3.54,8.375,0,"no",3.54,8.375,"17"
"55","2811-38779","2850-57712",161,"grizz",2021-07-05,"SAM","person",4,12,4.83,"5:45","6:45",15.9,15.8,33.5,65.1,0,0,"clear","obs on tupperware nest","grizz 161","late",NA,NA,NA,NA,NA,NA,NA,NA,NA,NA,NA,NA,NA,NA,NA,NA,NA,NA,NA,NA,18.6,16.74,15.7,16.3,1.21778487426967,1.5,67.9,66.76,65.5,1.06207344378814,36.9,22.7052050473186,13.5,22.1,5.54135006495776,9.3,84.6,47.6652996845426,16,14.6589138237253,34,23.194422310757,13.5,22.4,5.53858618161331,10.2,78.3,53.4890438247012,32.6,11.5270479227963,36.9,22.8094619666048,14,22.1,5.51967109897293,8.9,84.6,47.561038961039,16,15.3318933942414,34,23.022445561139,13.5,22.7,5.56670640358305,10.1,78.3,52.6564489112228,32.6,11.4599131841128,36.9,22.8013717421125,13.5,22.4,5.60764277182474,9.8,84.6,47.6971193415638,16,14.2457389016942,34,23.1363636363636,14,21.9,5.42553754758464,9.8,78.3,54.7914004914005,32.6,11.2305332288908,36.9,22.9213908450704,13.5,22.25,5.5430195974467,9.5,84.6,50.2388204225352,16,13.6698903191887,19.2925,50.125,0,"no",5.7625,20.625,"17"
"56","2850-57526","2640-97543",123,"grizz",2021-06-26,"SAM","person",4,3,5.49,"6:13","7:13",15.4,15.1,30.2,72,0,0,"mostly","","grizz 123","early",NA,NA,NA,NA,NA,NA,NA,NA,NA,NA,NA,NA,NA,NA,NA,NA,NA,NA,NA,NA,17.9,16.425,15.4,16.2,1.12952792499049,1.375,76.9,74.775,72.3,2.47032386540713,36.2,22.4457413249211,13.6,21.9,5.39034499061198,8.5,76.9,48.6388012618297,16.9,14.2091956457369,34.9,23.2149402390438,13.7,22.4,5.65633164877842,10.275,76.6,53.6858565737052,31.7,11.0628281569266,36.2,22.4959183673469,14.1,21.9,5.27994927534357,8.1,76.9,48.5801484230056,16.9,14.7731682821652,34.9,23.0472361809045,13.6,22.3,5.72037861006133,10.2,76.6,52.9356783919598,31.7,11.1024296006475,36.2,22.5471879286694,13.6,22.2,5.47939656570408,9,76.9,48.6941015089163,16.9,13.8355681462397,34.9,23.2127764127764,14,22.1,5.57397929922697,9.9,76.6,54.7648648648649,32.4,10.7906623069933,36.2,22.7856514084507,13.6,22.15,5.52025793609502,8.825,76.9,50.8691021126761,16.9,13.1496150086574,4.115,9.75,0,"no",4.115,9.75,"17"
"57","2850-57526","2640-97543",123,"grizz",2021-07-01,"MJA","person",4,8,5.18,"6:26","7:26",18.7,14,31.2,72,0,0,"mostly","","grizz 123","mid",NA,NA,NA,NA,NA,NA,NA,NA,NA,NA,NA,NA,NA,NA,NA,NA,NA,NA,NA,NA,18.7,18.6,18.5,18.6,0.0816496580927723,0.0499999999999972,72.6,72.25,71.8,0.341565025531987,36.2,22.4457413249211,13.6,21.9,5.39034499061198,8.5,76.9,48.6388012618297,16.9,14.2091956457369,34.9,23.2149402390438,13.7,22.4,5.65633164877842,10.275,76.6,53.6858565737052,31.7,11.0628281569266,36.2,22.4959183673469,14.1,21.9,5.27994927534357,8.1,76.9,48.5801484230056,16.9,14.7731682821652,34.9,23.0472361809045,13.6,22.3,5.72037861006133,10.2,76.6,52.9356783919598,31.7,11.1024296006475,36.2,22.5471879286694,13.6,22.2,5.47939656570408,9,76.9,48.6941015089163,16.9,13.8355681462397,34.9,23.2127764127764,14,22.1,5.57397929922697,9.9,76.6,54.7648648648649,32.4,10.7906623069933,36.2,22.7856514084507,13.6,22.15,5.52025793609502,8.825,76.9,50.8691021126761,16.9,13.1496150086574,14.78,34.125,0,"no",10.665,24.375,"17"
"58","2850-57526","2640-97543",123,"grizz",2021-07-05,"MJA","person",4,12,4.47,"5:45","6:45",16,16,31.6,64.3,0,0,"clear","","grizz 123","late",NA,NA,NA,NA,NA,NA,NA,NA,NA,NA,NA,NA,NA,NA,NA,NA,NA,NA,NA,NA,17.5,16.46,15.9,16.2,0.658027355054484,0.699999999999999,66.9,65.46,64.5,0.981325634027771,36.2,22.4457413249211,13.6,21.9,5.39034499061198,8.5,76.9,48.6388012618297,16.9,14.2091956457369,34.9,23.2149402390438,13.7,22.4,5.65633164877842,10.275,76.6,53.6858565737052,31.7,11.0628281569266,36.2,22.4959183673469,14.1,21.9,5.27994927534357,8.1,76.9,48.5801484230056,16.9,14.7731682821652,34.9,23.0472361809045,13.6,22.3,5.72037861006133,10.2,76.6,52.9356783919598,31.7,11.1024296006475,36.2,22.5471879286694,13.6,22.2,5.47939656570408,9,76.9,48.6941015089163,16.9,13.8355681462397,34.9,23.2127764127764,14,22.1,5.57397929922697,9.9,76.6,54.7648648648649,32.4,10.7906623069933,36.2,22.7856514084507,13.6,22.15,5.52025793609502,8.825,76.9,50.8691021126761,16.9,13.1496150086574,18.7275,57.5,0,"no",3.9475,23.375,"17"
"59","2850-57618","UNB",17,"bluecloud",2021-06-29,"SAM","person",3,4,5.18,"6:10","7:10",14.3,14.3,22.7,63,5,8,"partly","","bluecloud 17","early",NA,NA,NA,NA,NA,NA,NA,NA,NA,NA,NA,NA,NA,NA,NA,NA,NA,NA,NA,NA,14.9,14.35,14,14.25,0.387298334620742,0.300000000000002,64.5,64.25,64.1,0.173205080756889,26.2,19.7042105263158,14,19.6,2.99785269801327,4.6,72.4,57.4592481203007,39.8,8.08551300278238,29.1,23.1135458167331,15.7,23.2,3.41849726193144,5.875,74.2,54.0027888446215,39.4,8.20328254433739,25.5,19.4361403508772,14,19.2,2.99421689483368,4.975,72.4,56.7273684210526,39.8,8.15938471747215,29.1,22.8269681742044,15.7,22.8,3.35116823574816,5.8,74.2,55.2515912897822,39.4,8.39708432422302,26.2,19.8792105263158,14,19.8,3.07806886534561,4.925,74.2,58.1146052631579,39.8,8.23396256376124,29.1,23.5825552825553,17.2,23.7,3.26229623205499,6.1,64.9,51.9722358722359,39.4,6.85567907861477,29.1,21.1707797772065,14,20.8,3.60426819477955,5.7,74.2,55.9724078834619,39.4,8.31112067491139,6.63,12.5,0,"no",6.63,12.5,"5"
"60","2850-57618","UNB",17,"bluecloud",2021-07-03,"SAM","person",3,8,4.93,"6:16","7:16",17.5,15.9,25.6,64.8,0,0,"clear","","bluecloud 17","mid",NA,NA,NA,NA,NA,NA,NA,NA,NA,NA,NA,NA,NA,NA,NA,NA,NA,NA,NA,NA,20.4,19.325,18.2,19.35,0.942956343987709,1.075,64.2,62.775,60.7,1.51299922890485,26.2,19.7042105263158,14,19.6,2.99785269801327,4.6,72.4,57.4592481203007,39.8,8.08551300278238,29.1,23.1135458167331,15.7,23.2,3.41849726193144,5.875,74.2,54.0027888446215,39.4,8.20328254433739,25.5,19.4361403508772,14,19.2,2.99421689483368,4.975,72.4,56.7273684210526,39.8,8.15938471747215,29.1,22.8269681742044,15.7,22.8,3.35116823574816,5.8,74.2,55.2515912897822,39.4,8.39708432422302,26.2,19.8792105263158,14,19.8,3.07806886534561,4.925,74.2,58.1146052631579,39.8,8.23396256376124,29.1,23.5825552825553,17.2,23.7,3.26229623205499,6.1,64.9,51.9722358722359,39.4,6.85567907861477,29.1,21.1707797772065,14,20.8,3.60426819477955,5.7,74.2,55.9724078834619,39.4,8.31112067491139,15.9266666666667,31.1666666666667,0,"no",9.29666666666667,18.6666666666667,"5"
"61","2850-57618","UNB",17,"bluecloud",2021-07-07,"SAM","person",2,12,5.54,"5:45","6:45",19.3,19.3,27.8,62.3,9,12,"clear","","bluecloud 17","late",NA,NA,NA,NA,NA,NA,NA,NA,NA,NA,NA,NA,NA,NA,NA,NA,NA,NA,NA,NA,19.8,19.36,19.2,19.3,0.250998007960223,0.100000000000001,64.4,63.28,62.4,0.920326029187484,26.2,19.7042105263158,14,19.6,2.99785269801327,4.6,72.4,57.4592481203007,39.8,8.08551300278238,29.1,23.1135458167331,15.7,23.2,3.41849726193144,5.875,74.2,54.0027888446215,39.4,8.20328254433739,25.5,19.4361403508772,14,19.2,2.99421689483368,4.975,72.4,56.7273684210526,39.8,8.15938471747215,29.1,22.8269681742044,15.7,22.8,3.35116823574816,5.8,74.2,55.2515912897822,39.4,8.39708432422302,26.2,19.8792105263158,14,19.8,3.07806886534561,4.925,74.2,58.1146052631579,39.8,8.23396256376124,29.1,23.5825552825553,17.2,23.7,3.26229623205499,6.1,64.9,51.9722358722359,39.4,6.85567907861477,29.1,21.1707797772065,14,20.8,3.60426819477955,5.7,74.2,55.9724078834619,39.4,8.31112067491139,20.47,58.75,3,"yes",4.54333333333333,27.5833333333333,"5"
"62","2850-57905","2850-57554",24,"schaaps",2021-07-01,"APP","camera",3,4,0.89,"6:49","7:49",19.3,15.8,26.4,60,0,0,"mostly","camera start 4:08","schaaps 24","early",NA,NA,NA,NA,NA,NA,NA,NA,NA,NA,NA,NA,NA,NA,NA,NA,NA,NA,NA,NA,19.7,19.45,19.3,19.4,0.191485421551267,0.25,64.6,62.125,60.3,2.12818388929779,27,21.5203619909502,14.7,21.6,3.34215728058488,5.275,71.9,52.6685520361991,35.8,8.10116489948073,34.3,25.45734870317,17.3,25.7,4.32762819937834,7.3,64.4,43.5353025936599,21,9.80809403699127,27,21.5181556195965,14.7,21.5,3.21680720770622,4.7,68.3,50.828818443804,35.8,7.40054517120894,34.3,24.9842839036755,15.5,25.1,4.45141070441696,7.3,71.9,45.4441064638783,21,10.8165790386945,29.3,21.9808193668529,14.7,21.9,3.60618054641688,5.6,71.9,52.231843575419,35.8,7.87262466840097,34.3,25.6689482470785,17.8,25.7,4.34085022369365,7.45,64.4,42.4782971619366,21,9.84624589879346,34.3,23.9255281690141,14.7,23.9,4.4116465487902,6.425,71.9,47.0889084507042,21,10.202033149984,5.16333333333333,11.5,0,"no",5.16333333333333,11.5,"11"
"63","2850-57905","2850-57554",24,"schaaps",2021-07-06,"APP","camera",3,9,NA,"6:41","7:41",19.9,17.9,30.4,54,0,0,"","camera start 5:20","schaaps 24","mid",NA,NA,NA,NA,NA,NA,NA,NA,NA,NA,NA,NA,NA,NA,NA,NA,NA,NA,NA,NA,20.5,20.125,19.9,20.05,0.287228132326902,0.375,59.2,56.975,54.3,2.49582985531199,27,21.5203619909502,14.7,21.6,3.34215728058488,5.275,71.9,52.6685520361991,35.8,8.10116489948073,34.3,25.45734870317,17.3,25.7,4.32762819937834,7.3,64.4,43.5353025936599,21,9.80809403699127,27,21.5181556195965,14.7,21.5,3.21680720770622,4.7,68.3,50.828818443804,35.8,7.40054517120894,34.3,24.9842839036755,15.5,25.1,4.45141070441696,7.3,71.9,45.4441064638783,21,10.8165790386945,29.3,21.9808193668529,14.7,21.9,3.60618054641688,5.6,71.9,52.231843575419,35.8,7.87262466840097,34.3,25.6689482470785,17.8,25.7,4.34085022369365,7.45,64.4,42.4782971619366,21,9.84624589879346,34.3,23.9255281690141,14.7,23.9,4.4116465487902,6.425,71.9,47.0889084507042,21,10.202033149984,15.8333333333333,38.3333333333333,1,"yes",10.67,26.8333333333333,"11"
"64","2850-57905","2850-57554",24,"schaaps",2021-07-10,"SAM","camera",3,13,1.22,"6:19","7:19",20.5,20.5,34.3,49.4,0,0,"mostly","camera start 5:29. Mounts not set up in advance but camera placed in between roof rafters away from nest where wall joins roof","schaaps 24","late",NA,NA,NA,NA,NA,NA,NA,NA,NA,NA,NA,NA,NA,NA,NA,NA,NA,NA,NA,NA,21.8,21.025,20.5,20.9,0.573730482601951,0.625000000000004,52.9,51.475,50,1.25266382827424,27,21.5203619909502,14.7,21.6,3.34215728058488,5.275,71.9,52.6685520361991,35.8,8.10116489948073,34.3,25.45734870317,17.3,25.7,4.32762819937834,7.3,64.4,43.5353025936599,21,9.80809403699127,27,21.5181556195965,14.7,21.5,3.21680720770622,4.7,68.3,50.828818443804,35.8,7.40054517120894,34.3,24.9842839036755,15.5,25.1,4.45141070441696,7.3,71.9,45.4441064638783,21,10.8165790386945,29.3,21.9808193668529,14.7,21.9,3.60618054641688,5.6,71.9,52.231843575419,35.8,7.87262466840097,34.3,25.6689482470785,17.8,25.7,4.34085022369365,7.45,64.4,42.4782971619366,21,9.84624589879346,34.3,23.9255281690141,14.7,23.9,4.4116465487902,6.425,71.9,47.0889084507042,21,10.202033149984,19.01,62.5,1,"yes",3.17666666666667,24.1666666666667,"11"
"65","2850-57617","2850-57624",4,"urbanfarm",2021-07-01,"SAM","camera",3,3,0.89,"6:54","7:54",18.2,14.2,30.8,67,0,0,"mostly","","urbanfarm 4","early",NA,NA,NA,NA,NA,NA,NA,NA,NA,NA,NA,NA,NA,NA,NA,NA,NA,NA,NA,NA,18.7,18.4,18.2,18.35,0.216024689946928,0.199999999999996,71.9,69.7,68,1.7606816861659,34.5,22.0645614035088,12.9,21,5.74842595408952,9.675,81.2,53.9766666666667,30.2,12.5190020536562,38.8,25.6280400572246,15.1,25,6.12276863218932,10.2,70.5,43.9525035765379,18.5,12.602567341955,32.2,21.5261052631579,12.9,20.7,5.48370356977991,9.3,81.2,54.5654736842105,30.2,12.4539534814188,38.8,25.5238035264484,15.1,25,6.1458318042919,10.475,73.3,44.7996221662468,18.5,12.7900334526877,34.5,22.3237593984962,12.9,21.3,5.62816505352629,9.5,81.2,53.492030075188,30.2,12.1389587244853,38.8,25.9031456953642,15.1,25.3,6.2914013845663,11.3,70.5,42.9094370860927,18.5,12.767539960039,38.8,24.0274231678487,12.9,23.1,6.21360226076749,10.3,81.2,48.4550827423168,18.5,13.514377194065,4.33,9.5,0,"no",4.33,9.5,"3"
"66","2850-57617","2850-57624",4,"urbanfarm",2021-07-06,"APP","camera",3,8,0.89,"6:27","7:27",18.7,15.7,33.3,59.5,0,0,"","","urbanfarm 4","mid",NA,NA,NA,NA,NA,NA,NA,NA,NA,NA,NA,NA,NA,NA,NA,NA,NA,NA,NA,NA,19.3,18.95,18.7,18.9,0.264575131106459,0.299999999999997,64.9,62.25,60.4,2.04694894904587,34.5,22.0645614035088,12.9,21,5.74842595408952,9.675,81.2,53.9766666666667,30.2,12.5190020536562,38.8,25.6280400572246,15.1,25,6.12276863218932,10.2,70.5,43.9525035765379,18.5,12.602567341955,32.2,21.5261052631579,12.9,20.7,5.48370356977991,9.3,81.2,54.5654736842105,30.2,12.4539534814188,38.8,25.5238035264484,15.1,25,6.1458318042919,10.475,73.3,44.7996221662468,18.5,12.7900334526877,34.5,22.3237593984962,12.9,21.3,5.62816505352629,9.5,81.2,53.492030075188,30.2,12.1389587244853,38.8,25.9031456953642,15.1,25.3,6.2914013845663,11.3,70.5,42.9094370860927,18.5,12.767539960039,38.8,24.0274231678487,12.9,23.1,6.21360226076749,10.3,81.2,48.4550827423168,18.5,13.514377194065,12.82,30.5,0,"no",8.49,21,"3"
"67","2850-57617","2850-57624",4,"urbanfarm",2021-07-11,"SAM","camera",3,13,0.89,"7:44","8:44",16.5,15.1,34.8,56.3,0,0,"clear","","urbanfarm 4","late",NA,NA,NA,NA,NA,NA,NA,NA,NA,NA,NA,NA,NA,NA,NA,NA,NA,NA,NA,NA,18.9,17.925,17,17.9,0.842120339777318,1.075,56,55.4,54.9,0.454606056566196,34.5,22.0645614035088,12.9,21,5.74842595408952,9.675,81.2,53.9766666666667,30.2,12.5190020536562,38.8,25.6280400572246,15.1,25,6.12276863218932,10.2,70.5,43.9525035765379,18.5,12.602567341955,32.2,21.5261052631579,12.9,20.7,5.48370356977991,9.3,81.2,54.5654736842105,30.2,12.4539534814188,38.8,25.5238035264484,15.1,25,6.1458318042919,10.475,73.3,44.7996221662468,18.5,12.7900334526877,34.5,22.3237593984962,12.9,21.3,5.62816505352629,9.5,81.2,53.492030075188,30.2,12.1389587244853,38.8,25.9031456953642,15.1,25.3,6.2914013845663,11.3,70.5,42.9094370860927,18.5,12.767539960039,38.8,24.0274231678487,12.9,23.1,6.21360226076749,10.3,81.2,48.4550827423168,18.5,13.514377194065,17.4066666666667,60,9,"yes",4.58666666666667,29.5,"3"
"68","2850-57854","2850-57602",18,"cooks",2021-07-02,"ZML","person",4,4,6.71,"6:30","7:30",17.4,16.7,26.9,75.1,0,0,"mostly","","cooks 18","early",NA,NA,NA,NA,NA,NA,NA,NA,NA,NA,NA,NA,NA,NA,NA,NA,NA,NA,NA,NA,17.7,17.36,17.2,17.3,0.207364413533277,0.199999999999999,78,76.1,74.7,1.49666295470958,28.4,22.8171962616822,16.8,22.6,2.9871453041576,4.8,78,57.0859813084112,39.1,8.44185275959201,36.4,25.4889108910891,18.6,25.1,3.9520835124357,6.4,69.6,47.1932673267327,22.7,10.9211656586226,28.4,22.6752272727273,16.8,22.4,3.10803205806661,5.3,78,57.1702272727273,39.1,9.11398334599889,36.4,25.17,18.6,24.5,3.80462331876137,5.5,69.6,48.6978333333333,22.7,10.7254045367226,28.5,22.9369841269841,16.8,22.75,3.02681399704716,5.1,78,56.4942857142857,39.1,8.51765952206461,36.4,25.9239024390244,19.2,25.35,3.99043040986612,6.8,69.6,45.810243902439,22.7,11.0131636034567,36.4,24.1145192307692,16.8,23.7,3.73460403973498,5.35,78,52.2823076923077,22.7,10.9065676967376,5.625,11.75,0,"no",5.625,11.75,"5"
"69","2850-57854","2850-57602",18,"cooks",2021-07-06,"ZML","person",4,8,6.1,"6:15","7:15",20.8,18.5,28.6,61.4,0,0,"","","cooks 18","mid",NA,NA,NA,NA,NA,NA,NA,NA,NA,NA,NA,NA,NA,NA,NA,NA,NA,NA,NA,NA,21.2,20.88,20.7,20.8,0.216794833886788,0.300000000000001,66.1,64.16,61.8,1.73579952759528,28.4,22.8171962616822,16.8,22.6,2.9871453041576,4.8,78,57.0859813084112,39.1,8.44185275959201,36.4,25.4889108910891,18.6,25.1,3.9520835124357,6.4,69.6,47.1932673267327,22.7,10.9211656586226,28.4,22.6752272727273,16.8,22.4,3.10803205806661,5.3,78,57.1702272727273,39.1,9.11398334599889,36.4,25.17,18.6,24.5,3.80462331876137,5.5,69.6,48.6978333333333,22.7,10.7254045367226,28.5,22.9369841269841,16.8,22.75,3.02681399704716,5.1,78,56.4942857142857,39.1,8.51765952206461,36.4,25.9239024390244,19.2,25.35,3.99043040986612,6.8,69.6,45.810243902439,22.7,11.0131636034567,36.4,24.1145192307692,16.8,23.7,3.73460403973498,5.35,78,52.2823076923077,22.7,10.9065676967376,14.8925,32.125,1,"yes",9.2675,20.375,"5"
"70","2850-57854","2850-57602",18,"cooks",2021-07-10,"MJA","person",4,13,6.86,"6:35","7:35",21.8,21.7,36.7,52.9,0,0,"mostly","","cooks 18","late",NA,NA,NA,NA,NA,NA,NA,NA,NA,NA,NA,NA,NA,NA,NA,NA,NA,NA,NA,NA,22.2,21.975,21.8,21.95,0.170782512765993,0.175000000000004,57.1,55.55,53.7,1.54380482358792,28.4,22.8171962616822,16.8,22.6,2.9871453041576,4.8,78,57.0859813084112,39.1,8.44185275959201,36.4,25.4889108910891,18.6,25.1,3.9520835124357,6.4,69.6,47.1932673267327,22.7,10.9211656586226,28.4,22.6752272727273,16.8,22.4,3.10803205806661,5.3,78,57.1702272727273,39.1,9.11398334599889,36.4,25.17,18.6,24.5,3.80462331876137,5.5,69.6,48.6978333333333,22.7,10.7254045367226,28.5,22.9369841269841,16.8,22.75,3.02681399704716,5.1,78,56.4942857142857,39.1,8.51765952206461,36.4,25.9239024390244,19.2,25.35,3.99043040986612,6.8,69.6,45.810243902439,22.7,11.0131636034567,36.4,24.1145192307692,16.8,23.7,3.73460403973498,5.35,78,52.2823076923077,22.7,10.9065676967376,19.3925,57.25,0,"no",4.5,25.125,"5"
"71","2850-57722","2850-57724",46,"vanloon",2021-07-05,"ZML","person",5,4,3.05,"6:34","7:34",16,16,31.2,72.3,0,0,"clear","habituation start at 6:19, 7:06 change female to unknown, 7:09 change female to unknown, 7:12 owner outside barn, 7:24-7:25 landowner in barn","vanloon 46","early",NA,NA,NA,NA,NA,NA,NA,NA,NA,NA,NA,NA,NA,NA,NA,NA,NA,NA,NA,NA,17,16.5,16.1,16.45,0.391578004149024,0.450000000000003,76.3,75.3,74.2,0.90553851381374,36.2,23.0034586466165,14,22.1,5.19323616593448,8.5,86.4,60.4072180451128,26.4,13.3080918717577,37.7,24.9257425742574,14.9,23.6,6.13181680049807,10.5,74.1,48.0394059405941,22.2,12.2217268333591,32.6,22.5987719298246,14,21.8,4.85597292062971,8.1,86.4,61.4389473684211,37.5,12.220606597201,37.7,25.0058333333333,14.9,23.6,6.17058420962194,10.7,78.2,49.0175,22.2,13.3470727502951,37.7,23.3398684210526,14,22.4,5.48250565256056,9,86.4,58.8013157894737,22.2,14.3051488691632,35.9,24.7475609756098,14.9,23.4,5.96993743357672,10.175,73.3,48.150487804878,26.5,11.1944346221518,37.7,23.8331623931624,14,22.75,5.69532196634931,9.2,86.4,55.0689743589744,22.2,14.2321460427825,5.448,11.1,0,"no",5.448,11.1,"3"
"72","2850-57722","2850-57724",46,"vanloon",2021-07-10,"ZML","person",5,9,3.05,"7:12","8:12",18.2,18.1,35.9,63.2,0,0,"partly","habituation start 6:55, 7:10-7:17 landowner in barn (birds unphased by 7:12), 7:38 erase GFN in between ""others"", 7:57  unknown is likely male","vanloon 46","mid",NA,NA,NA,NA,NA,NA,NA,NA,NA,NA,NA,NA,NA,NA,NA,NA,NA,NA,NA,NA,19.1,18.925,18.6,19,0.236290781312631,0.275000000000002,68.4,67,65,1.46742404687034,36.2,23.0034586466165,14,22.1,5.19323616593448,8.5,86.4,60.4072180451128,26.4,13.3080918717577,37.7,24.9257425742574,14.9,23.6,6.13181680049807,10.5,74.1,48.0394059405941,22.2,12.2217268333591,32.6,22.5987719298246,14,21.8,4.85597292062971,8.1,86.4,61.4389473684211,37.5,12.220606597201,37.7,25.0058333333333,14.9,23.6,6.17058420962194,10.7,78.2,49.0175,22.2,13.3470727502951,37.7,23.3398684210526,14,22.4,5.48250565256056,9,86.4,58.8013157894737,22.2,14.3051488691632,35.9,24.7475609756098,14.9,23.4,5.96993743357672,10.175,73.3,48.150487804878,26.5,11.1944346221518,37.7,23.8331623931624,14,22.75,5.69532196634931,9.2,86.4,55.0689743589744,22.2,14.2321460427825,14.028,35.5,0,"no",8.58,24.4,"3"
"73","2850-57722","2850-57724",46,"vanloon",2021-07-13,"ZML","person",5,12,3.05,"6:30","7:30",19.3,5.4,36,54.2,0,0,"partly","Habituation start 6:18, 6:46 female GFN before male at nest perching ","vanloon 46","late",NA,NA,NA,NA,NA,NA,NA,NA,NA,NA,NA,NA,NA,NA,NA,NA,NA,NA,NA,NA,19.3,19.12,19,19.1,0.109544511501033,0,59.5,57.5,55,1.67032930884901,36.2,23.0034586466165,14,22.1,5.19323616593448,8.5,86.4,60.4072180451128,26.4,13.3080918717577,37.7,24.9257425742574,14.9,23.6,6.13181680049807,10.5,74.1,48.0394059405941,22.2,12.2217268333591,32.6,22.5987719298246,14,21.8,4.85597292062971,8.1,86.4,61.4389473684211,37.5,12.220606597201,37.7,25.0058333333333,14.9,23.6,6.17058420962194,10.7,78.2,49.0175,22.2,13.3470727502951,37.7,23.3398684210526,14,22.4,5.48250565256056,9,86.4,58.8013157894737,22.2,14.3051488691632,35.9,24.7475609756098,14.9,23.4,5.96993743357672,10.175,73.3,48.150487804878,26.5,11.1944346221518,37.7,23.8331623931624,14,22.75,5.69532196634931,9.2,86.4,55.0689743589744,22.2,14.2321460427825,16.442,51.7,0,"no",2.414,16.2,"3"
"74","2850-57559","UNK",98,"schaaps",2021-07-06,"APP","camera",2,3,0.41,"6:40","7:40",19.3,17.4,27.2,58.2,0,0,"","camera start at 5:20","schaaps 98","early",NA,NA,NA,NA,NA,NA,NA,NA,NA,NA,NA,NA,NA,NA,NA,NA,NA,NA,NA,NA,19.6,19.44,19.3,19.4,0.151657508881032,0.300000000000001,63.1,61.32,58.2,2.04132310034448,33.1,23.7657986111111,16.7,23.6,3.91725641181347,6,69.3,48.6352430555556,20.5,10.7928619378915,31.6,23.4857346647646,15.2,23.5,3.93349305809329,5.8,68.2,43.6455064194009,23.9,9.50732787644961,32.1,23.3610416666667,16.7,23.35,3.50535572312578,5.6,69.3,51.0058333333333,26.1,9.17805129692068,33.1,23.7632371392723,15.2,23.7,4.15536718503167,6.2,68.2,42.8188205771644,20.5,9.87961950288507,33.1,24.3120535714286,16.7,24.6,3.95725905195494,6,69.3,46.7351190476191,20.5,11.2061944754087,31.6,22.8345454545455,15.2,22.7,3.74607255704545,5.5,68.2,44.9642975206612,23.9,9.35525039630474,33.1,23.6120595144871,15.2,23.6,3.9271155953545,5.9,69.3,45.8961628817541,20.5,10.4042217437236,5.185,9.5,0,"no",5.185,9.5,"11"
"75","2850-57559","UNK",98,"schaaps",2021-07-11,"APP","camera",2,8,0.41,"7:28","8:28",17.4,17.1,29.3,52.4,0,0,"clear","camera start at 7:15; great video for possible training","schaaps 98","mid",NA,NA,NA,NA,NA,NA,NA,NA,NA,NA,NA,NA,NA,NA,NA,NA,NA,NA,NA,NA,18.7,18.125,17.6,18.1,0.478713553878169,0.575000000000003,54.2,53.725,53,0.512347538297981,33.1,23.7657986111111,16.7,23.6,3.91725641181347,6,69.3,48.6352430555556,20.5,10.7928619378915,31.6,23.4857346647646,15.2,23.5,3.93349305809329,5.8,68.2,43.6455064194009,23.9,9.50732787644961,32.1,23.3610416666667,16.7,23.35,3.50535572312578,5.6,69.3,51.0058333333333,26.1,9.17805129692068,33.1,23.7632371392723,15.2,23.7,4.15536718503167,6.2,68.2,42.8188205771644,20.5,9.87961950288507,33.1,24.3120535714286,16.7,24.6,3.95725905195494,6,69.3,46.7351190476191,20.5,11.2061944754087,31.6,22.8345454545455,15.2,22.7,3.74607255704545,5.5,68.2,44.9642975206612,23.9,9.35525039630474,33.1,23.6120595144871,15.2,23.6,3.9271155953545,5.9,69.3,45.8961628817541,20.5,10.4042217437236,12.33,35.5,0,"no",7.145,26,"11"
"76","2850-57559","UNK",98,"schaaps",2021-07-16,"APP","camera",2,13,0.41,"6:21","7:21",17,15.2,28.2,45.9,0,0,"partly","camera start at 4:45","schaaps 98","late",NA,NA,NA,NA,NA,NA,NA,NA,NA,NA,NA,NA,NA,NA,NA,NA,NA,NA,NA,NA,17.2,17.05,17,17,0.0999999999999996,0.0500000000000007,52.6,49.225,46.2,2.62345192446898,33.1,23.7657986111111,16.7,23.6,3.91725641181347,6,69.3,48.6352430555556,20.5,10.7928619378915,31.6,23.4857346647646,15.2,23.5,3.93349305809329,5.8,68.2,43.6455064194009,23.9,9.50732787644961,32.1,23.3610416666667,16.7,23.35,3.50535572312578,5.6,69.3,51.0058333333333,26.1,9.17805129692068,33.1,23.7632371392723,15.2,23.7,4.15536718503167,6.2,68.2,42.8188205771644,20.5,9.87961950288507,33.1,24.3120535714286,16.7,24.6,3.95725905195494,6,69.3,46.7351190476191,20.5,11.2061944754087,31.6,22.8345454545455,15.2,22.7,3.74607255704545,5.5,68.2,44.9642975206612,23.9,9.35525039630474,33.1,23.6120595144871,15.2,23.6,3.9271155953545,5.9,69.3,45.8961628817541,20.5,10.4042217437236,21.76,66.5,2,"yes",9.43,31,"11"
"77","2850-57709","2850-57852",2,"hoops",2021-07-07,"ZML","person",4,3,4.88,"5:55","6:55",16.6,16.3,27.8,74.4,0,0,"clear","","hoops 2","early",NA,NA,NA,NA,NA,NA,NA,NA,NA,NA,NA,NA,NA,NA,NA,NA,NA,NA,NA,NA,17.3,16.775,16.3,16.75,0.427200187265876,0.474999999999998,75.2,74.925,74.6,0.275378527364308,35.1,24.7913370998117,16.2,24.9,4.35564265358993,6.7,76.8,47.4416195856874,21.2,13.3281975318295,30.4,21.3814229249012,13.4,21.1,4.25482030091255,6.275,75.1,53.5802371541502,22.2,11.9508732330636,35.1,25.0209195402299,16.2,25,4.51063250599186,6.7,76.8,47.6558620689655,21.2,13.8630058842529,30.4,21.7593023255814,13.4,21.3,4.21813944107912,6.4,75.1,52.446511627907,22.2,12.0202295981141,35.1,24.3433811802233,14.6,24.6,4.53329183653957,7.1,76.8,47.8575757575758,21.2,12.9878433892159,30.4,21.2680487804878,13.4,21,4.13719825321046,6,75.1,54.3814634146341,22.2,12.1010374711275,35.1,23.1274831243973,13.4,23,4.63013324972272,7.1,76.8,50.4369334619094,21.2,13.0354060266026,3.5725,8.875,0,"no",3.5725,8.875,"4"
"78","2850-57709","2850-57852",2,"hoops",2021-07-13,"SAM","person",4,8,NA,"6:22","7:22",19.2,14,30.4,48.6,0,0,"partly","","hoops 2","mid",NA,NA,NA,NA,NA,NA,NA,NA,NA,NA,NA,NA,NA,NA,NA,NA,NA,NA,NA,NA,18.8,18.64,18.4,18.7,0.18165902124585,0.300000000000001,57.6,53.58,49.8,3.34992537230309,35.1,24.7913370998117,16.2,24.9,4.35564265358993,6.7,76.8,47.4416195856874,21.2,13.3281975318295,30.4,21.3814229249012,13.4,21.1,4.25482030091255,6.275,75.1,53.5802371541502,22.2,11.9508732330636,35.1,25.0209195402299,16.2,25,4.51063250599186,6.7,76.8,47.6558620689655,21.2,13.8630058842529,30.4,21.7593023255814,13.4,21.3,4.21813944107912,6.4,75.1,52.446511627907,22.2,12.0202295981141,35.1,24.3433811802233,14.6,24.6,4.53329183653957,7.1,76.8,47.8575757575758,21.2,12.9878433892159,30.4,21.2680487804878,13.4,21,4.13719825321046,6,75.1,54.3814634146341,22.2,12.1010374711275,35.1,23.1274831243973,13.4,23,4.63013324972272,7.1,76.8,50.4369334619094,21.2,13.0354060266026,16.435,36.5,0,"no",12.8625,27.625,"4"
"79","2850-57709","2850-57852",2,"hoops",2021-07-16,"ZML","person",4,12,3.96,"6:40","7:40",14.3,13.6,27,63.1,0,0,"partly","","hoops 2","late",NA,NA,NA,NA,NA,NA,NA,NA,NA,NA,NA,NA,NA,NA,NA,NA,NA,NA,NA,NA,NA,NA,NA,NA,NA,NA,NA,NA,NA,NA,35.1,24.7913370998117,16.2,24.9,4.35564265358993,6.7,76.8,47.4416195856874,21.2,13.3281975318295,30.4,21.3814229249012,13.4,21.1,4.25482030091255,6.275,75.1,53.5802371541502,22.2,11.9508732330636,35.1,25.0209195402299,16.2,25,4.51063250599186,6.7,76.8,47.6558620689655,21.2,13.8630058842529,30.4,21.7593023255814,13.4,21.3,4.21813944107912,6.4,75.1,52.446511627907,22.2,12.0202295981141,35.1,24.3433811802233,14.6,24.6,4.53329183653957,7.1,76.8,47.8575757575758,21.2,12.9878433892159,30.4,21.2680487804878,13.4,21,4.13719825321046,6,75.1,54.3814634146341,22.2,12.1010374711275,35.1,23.1274831243973,13.4,23,4.63013324972272,7.1,76.8,50.4369334619094,21.2,13.0354060266026,19.675,53.875,0,"no",3.24,17.375,"4"
"80","2850-57609","2850-57557",6,"cooks",2021-07-08,"MJA","person",4,4,NA,"6:27","7:27",19.1,18.9,31.1,56.7,2,3,"mostly","male was not seen during obs, 6:49 landowners walk in to feed horses; 3 nesling data sheets, but missing a parental care obs data sheet;  camera placed directly under nest? Made accurately scoring behavior difficult","cooks 6","early",NA,NA,NA,NA,NA,NA,NA,NA,NA,NA,NA,NA,NA,NA,NA,NA,NA,NA,NA,NA,20.5,19.925,19.3,19.95,0.531507290636732,0.675000000000001,60,58.1,56.4,1.68522995463527,35,26.8306666666667,18.9,27,4.04758907040361,6.575,64.9,43.0624444444444,25.7,9.83847672665416,31.1,23.9276470588235,17.1,23.5,3.58598017072244,5.9,63.8,46.6847058823529,24.4,8.75100451218396,35,27.0796610169492,18.9,27.35,4.27607268629475,6.775,64.9,43.4545197740113,25.7,10.3491617769481,31.1,24.2420792079208,17.1,23.8,3.55876220012261,5.7,63.8,45.8818481848185,24.4,8.76247071935151,35,26.5005494505494,18.9,26.7,4.07896142456076,6.8,64.9,42.8884615384615,25.7,9.3805261200715,31.1,23.6898550724638,17.1,23.3,3.47533592408569,5.4,63.8,47.7541062801932,24.4,8.80868051112258,35,25.2884375,17.1,24.8,4.07387741867217,6.4,64.9,44.9867708333333,24.4,9.44647298827614,4.592,10.4,1,"yes",4.592,10.4,"5"
"81","2850-57609","2850-57557",6,"cooks",2021-07-16,"SAM","person",4,12,2.44,"6:30","7:30",18.5,17.1,28.8,51.6,0,0,"partly","Habituation start at 6:10, no visits and no alarm calls by 6:30, no parents visit after a full hour in the blind. Other birds are feeding nestlings in the main aisle of the barn. Intermittent alarm calling far away outside, but none in barn since 10 minutes after entering the blind. ","cooks 6","late",NA,NA,NA,NA,NA,NA,NA,NA,NA,NA,NA,NA,NA,NA,NA,NA,NA,NA,NA,NA,19.3,18.875,18.5,18.85,0.330403793359984,0.274999999999999,51.2,50.125,49,0.89953691790091,35,26.8306666666667,18.9,27,4.04758907040361,6.575,64.9,43.0624444444444,25.7,9.83847672665416,31.1,23.9276470588235,17.1,23.5,3.58598017072244,5.9,63.8,46.6847058823529,24.4,8.75100451218396,35,27.0796610169492,18.9,27.35,4.27607268629475,6.775,64.9,43.4545197740113,25.7,10.3491617769481,31.1,24.2420792079208,17.1,23.8,3.55876220012261,5.7,63.8,45.8818481848185,24.4,8.76247071935151,35,26.5005494505494,18.9,26.7,4.07896142456076,6.8,64.9,42.8884615384615,25.7,9.3805261200715,31.1,23.6898550724638,17.1,23.3,3.47533592408569,5.4,63.8,47.7541062801932,24.4,8.80868051112258,35,25.2884375,17.1,24.8,4.07387741867217,6.4,64.9,44.9867708333333,24.4,9.44647298827614,17.3,50.125,1,"yes",4.4225,16.125,"5"
"82","2850-57608","2850-57615",5,"urbanfarm",2021-07-15,"APP","camera",4,9,0.97,"6:25","7:25",12.4,12.4,31.2,75.7,NA,NA,"","","urbanfarm 5","mid",NA,NA,NA,NA,NA,NA,NA,NA,NA,NA,NA,NA,NA,NA,NA,NA,NA,NA,NA,NA,15.2,13.875,12.7,13.8,1.13541475535007,1.525,82,78.825,76.8,2.22766694099455,42.3,26.5433082706767,12.9,26,7.59011650483275,13.4,82.6,43.9968421052632,16.2,16.7481289805767,40.7,24.5299331103679,12.4,23.65,7.21163147084141,11.95,82,46.2324414715719,17.6,14.9659664511911,42.3,26.6952631578947,12.9,26.25,7.36610023740022,13,82.6,44.1929824561403,16.7,16.3997541630287,40.7,24.6809523809524,12.4,23.7,7.45266842961081,12.5,82,45.7646464646465,16.2,15.5689536477416,42.3,26.3663157894737,12.9,25.7,7.27293045274746,12.525,82.6,43.8257894736842,16.2,15.8819755363901,40.7,24.417097415507,12.4,23.3,7.63721139767143,13.3,82,46.9131212723658,17.6,15.9186611155698,42.3,25.5900237529691,12.4,24.7,7.47832866376163,12.55,82.6,45.0553444180523,16.2,15.962060839137,10.825,27,0,"no",6.4475,16.375,"3"
"83","2850-57608","2850-57615",5,"urbanfarm",2021-07-19,"APP","camera",4,13,0.97,"6:07","7:07",16,15.4,40.7,63.2,0,0,"clear","Could not reliably sex birds. Use total visitation rate only. ","urbanfarm 5","late",NA,NA,NA,NA,NA,NA,NA,NA,NA,NA,NA,NA,NA,NA,NA,NA,NA,NA,NA,NA,17.4,16.5,16,16.3,0.637704215656965,0.649999999999999,66.9,64.6,63.6,1.54272486205415,42.3,26.5433082706767,12.9,26,7.59011650483275,13.4,82.6,43.9968421052632,16.2,16.7481289805767,40.7,24.5299331103679,12.4,23.65,7.21163147084141,11.95,82,46.2324414715719,17.6,14.9659664511911,42.3,26.6952631578947,12.9,26.25,7.36610023740022,13,82.6,44.1929824561403,16.7,16.3997541630287,40.7,24.6809523809524,12.4,23.7,7.45266842961081,12.5,82,45.7646464646465,16.2,15.5689536477416,42.3,26.3663157894737,12.9,25.7,7.27293045274746,12.525,82.6,43.8257894736842,16.2,15.8819755363901,40.7,24.417097415507,12.4,23.3,7.63721139767143,13.3,82,46.9131212723658,17.6,15.9186611155698,42.3,25.5900237529691,12.4,24.7,7.47832866376163,12.55,82.6,45.0553444180523,16.2,15.962060839137,13.8175,47.375,0,"no",2.9925,20.375,"3"
"84","2850-57556","2850-57538",59,"schaaps",2021-07-10,"APP","camera",4,4,1.42,"6:52","7:52",20.7,20.7,32.8,51.7,0,0,"mostly","camera start 5:40","schaaps 59","early",NA,NA,NA,NA,NA,NA,NA,NA,NA,NA,NA,NA,NA,NA,NA,NA,NA,NA,NA,NA,21.6,21.05,20.7,20.95,0.404145188432739,0.449999999999999,55.2,54.45,53.5,0.732575365861198,33,25.4033082706767,17.5,25.9,3.95275805834077,6.3,67.6,40.736992481203,21.4,9.77627984295225,31.7,23.8128119800333,16,23.7,3.64348536151712,5.4,64.6,42.8745424292845,24,9.03345822476716,33,25.5873684210526,17.9,26,3.85716165727068,6.1,67.6,41.1012280701754,21.4,9.78990451818266,31.7,23.8791666666667,16,23.7,3.74710015776549,5.7,64.6,42.2844827586207,23.8,9.20538725704792,33,25.2728947368421,17.5,25.6,3.77245785261739,5.9,67.6,40.7031578947368,21.4,9.33743880304425,31.7,23.7100790513834,16,23.35,3.87798013078053,5.9,64.6,43.3266798418972,24,9.50251970984063,33,24.6482622432859,16,24.6,3.88959503637389,6.1,67.6,41.7517377567141,21.4,9.48752795522282,5.6225,11.375,1,"yes",5.6225,11.375,"11"
"85","2850-57556","2850-57538",59,"schaaps",2021-07-15,"APP","camera",4,9,1.02,"6:53","7:53",16.1,16,25.1,60.9,NA,NA,"","","schaaps 59","mid",NA,NA,NA,NA,NA,NA,NA,NA,NA,NA,NA,NA,NA,NA,NA,NA,NA,NA,NA,NA,17.2,16.775,16.3,16.8,0.403112887414927,0.524999999999999,64.2,63.35,62.2,0.834665601703261,33,25.4033082706767,17.5,25.9,3.95275805834077,6.3,67.6,40.736992481203,21.4,9.77627984295225,31.7,23.8128119800333,16,23.7,3.64348536151712,5.4,64.6,42.8745424292845,24,9.03345822476716,33,25.5873684210526,17.9,26,3.85716165727068,6.1,67.6,41.1012280701754,21.4,9.78990451818266,31.7,23.8791666666667,16,23.7,3.74710015776549,5.7,64.6,42.2844827586207,23.8,9.20538725704792,33,25.2728947368421,17.5,25.6,3.77245785261739,5.9,67.6,40.7031578947368,21.4,9.33743880304425,31.7,23.7100790513834,16,23.35,3.87798013078053,5.9,64.6,43.3266798418972,24,9.50251970984063,33,24.6482622432859,16,24.6,3.88959503637389,6.1,67.6,41.7517377567141,21.4,9.48752795522282,14.8225,36.125,1,"yes",9.2,24.75,"11"
"86","2850-57556","2850-57538",59,"schaaps",2021-07-19,"APP","camera",4,13,1.02,"6:51","7:51",20.7,19,31.7,43.9,0,0,"clear","","schaaps 59","late",NA,NA,NA,NA,NA,NA,NA,NA,NA,NA,NA,NA,NA,NA,NA,NA,NA,NA,NA,NA,21.4,21,20.7,20.95,0.316227766016838,0.399999999999999,49,48,47,1.09848380355227,33,25.4033082706767,17.5,25.9,3.95275805834077,6.3,67.6,40.736992481203,21.4,9.77627984295225,31.7,23.8128119800333,16,23.7,3.64348536151712,5.4,64.6,42.8745424292845,24,9.03345822476716,33,25.5873684210526,17.9,26,3.85716165727068,6.1,67.6,41.1012280701754,21.4,9.78990451818266,31.7,23.8791666666667,16,23.7,3.74710015776549,5.7,64.6,42.2844827586207,23.8,9.20538725704792,33,25.2728947368421,17.5,25.6,3.77245785261739,5.9,67.6,40.7031578947368,21.4,9.33743880304425,31.7,23.7100790513834,16,23.35,3.87798013078053,5.9,64.6,43.3266798418972,24,9.50251970984063,33,24.6482622432859,16,24.6,3.88959503637389,6.1,67.6,41.7517377567141,21.4,9.48752795522282,17.925,59.125,33,"yes",3.1025,23,"11"
"87","2850-57725","2850-57508",11,"hoops",2021-07-11,"ZML","person",4,3,4.8,"8:00","9:00",17.5,15.8,30.3,68.8,0,0,"clear","","hoops 11","early",NA,NA,NA,NA,NA,NA,NA,NA,NA,NA,NA,NA,NA,NA,NA,NA,NA,NA,NA,NA,19,18.25,17.5,18.25,0.645497224367903,0.75,58.5,58.025,56.8,0.818026079453869,35.8,24.644494047619,15.7,24.1,4.92929132912796,7.825,68.3,45.3672619047619,23.4,10.3573655916868,32.9,23.8915254237288,14.7,23.8,5.2197813486418,9.1,69.6,45.1152542372881,21.1,11.6631893232538,35.8,25.1487847222222,15.7,24.95,5.05609561503315,8.125,68.3,43.5368055555556,23.4,9.84184144330567,32.9,23.4628683693517,14.7,22.9,4.9019777890613,8.2,69.6,47.234184675835,21.1,11.6250954772678,35.8,24.3291666666667,14.7,24.1,5.00786690982574,7.6,69.6,46.43828125,23.4,11.011546300644,32.9,24.4274447949527,15.6,23.9,5.16707297546782,9.5,63,42.4441640378549,21.1,9.97792210038547,35.8,24.3578801843318,14.7,24,5.05270424876455,8.3,69.6,45.27133640553,21.1,10.8683050207556,2.985,8,0,"no",2.985,8,"4"
"88","2850-57725","2850-57508",11,"hoops",2021-07-16,"APP","person",4,8,4.8,"6:39","7:39",15.6,14.7,29.1,56.9,0,0,"partly","","hoops 11","mid",NA,NA,NA,NA,NA,NA,NA,NA,NA,NA,NA,NA,NA,NA,NA,NA,NA,NA,NA,NA,16.9,16.2,15.7,16.1,0.529150262212918,0.600000000000001,63,60.475,59.3,1.70758113521242,35.8,24.644494047619,15.7,24.1,4.92929132912796,7.825,68.3,45.3672619047619,23.4,10.3573655916868,32.9,23.8915254237288,14.7,23.8,5.2197813486418,9.1,69.6,45.1152542372881,21.1,11.6631893232538,35.8,25.1487847222222,15.7,24.95,5.05609561503315,8.125,68.3,43.5368055555556,23.4,9.84184144330567,32.9,23.4628683693517,14.7,22.9,4.9019777890613,8.2,69.6,47.234184675835,21.1,11.6250954772678,35.8,24.3291666666667,14.7,24.1,5.00786690982574,7.6,69.6,46.43828125,23.4,11.011546300644,32.9,24.4274447949527,15.6,23.9,5.16707297546782,9.5,63,42.4441640378549,21.1,9.97792210038547,35.8,24.3578801843318,14.7,24,5.05270424876455,8.3,69.6,45.27133640553,21.1,10.8683050207556,12.2625,28.625,0,"no",9.2775,20.625,"4"
"89","2850-57725","2850-57508",11,"hoops",2021-07-19,"ZML","person",4,11,4.8,"6:15","7:15",18.6,17.8,32.9,50.2,0,0,"clear","","hoops 11","late",NA,NA,NA,NA,NA,NA,NA,NA,NA,NA,NA,NA,NA,NA,NA,NA,NA,NA,NA,NA,18.8,18.55,18.4,18.5,0.191485421551269,0.250000000000004,54.2,52.8,50.9,1.47648230602334,35.8,24.644494047619,15.7,24.1,4.92929132912796,7.825,68.3,45.3672619047619,23.4,10.3573655916868,32.9,23.8915254237288,14.7,23.8,5.2197813486418,9.1,69.6,45.1152542372881,21.1,11.6631893232538,35.8,25.1487847222222,15.7,24.95,5.05609561503315,8.125,68.3,43.5368055555556,23.4,9.84184144330567,32.9,23.4628683693517,14.7,22.9,4.9019777890613,8.2,69.6,47.234184675835,21.1,11.6250954772678,35.8,24.3291666666667,14.7,24.1,5.00786690982574,7.6,69.6,46.43828125,23.4,11.011546300644,32.9,24.4274447949527,15.6,23.9,5.16707297546782,9.5,63,42.4441640378549,21.1,9.97792210038547,35.8,24.3578801843318,14.7,24,5.05270424876455,8.3,69.6,45.27133640553,21.1,10.8683050207556,15.785,45.625,0,"no",3.5225,17,"4"
