"","female_band","male_band","nest","site","nest_id","obs_date","observer","obs_method","nestling_age","nestling_number","obs_state","blind_camera_distance","obs_start_time","obs_end_time","obs_duration","total_visits","female_visits","male_visits","total_feeding_visits","female_feeding_visits","male_feeding_visits","total_sanitizing_visits","female_sanitizing_visits","male_sanitizing_visits","total_an_duration","female_an_duration","male_an_duration","total_brooding_duration","female_brooding_duration","male_brooding_duration","tert_tot_visit","tert_tot_feed","tert_tot_time","tert_tot_brood","trial_temp","min_temp","max_temp","trial_humidity","wind_speed","wind_gust","cloud_cover","obs_max_temp","obs_avg_temp","obs_min_temp","obs_max_humid","obs_avg_humid","obs_min_humid","hours_low","hours_med","hours_high","hours_very_high","hours_in_day","devel_max_temp","devel_avg_temp","devel_min_temp","devel_max_humid","devel_avg_humid","devel_min_humid","devel_hours_low","devel_hours_med","devel_hours_high","devel_hours_very_high","devel_hours_in_stage","nest_max_temp","nest_avg_temp","nest_min_temp","nest_max_humid","nest_avg_humid","nest_min_humid","nest_hours_low","nest_hours_med","nest_hours_high","nest_hours_very_high","nest_hours_in_stage","avg_nestl_mass","avg_wing_chord","avg_nestl_growth","avg_wing_growth","brood_nos_mites","brood_mite_bin","notes_obs"
"1","2640-97398","2850-57907",68,"grizz","grizz 68",2021-06-05,"SAM, ZML","person",3,4,"early",6.17,"5:58","6:58",3603.402,15,8,7,9,3,6,0,0,0,3572.876,2985.696,587.18,3313.298,2884.63,428.668,1,1,3,3,14.8,13,35.6,53.6,4,5,"partly",16.3,15.45,14.7,58.8,56.925,55.3,8,3.25,3.25,9.5,24,35.5,21.8912621359223,10.3,75.5,46.9074433656958,21.4,34.25,9.25,11,22.75,77.25,37.9,24.0432203389831,10.3,75.5,40.0079661016949,15.2,91,49,53.5,101.5,295,2.29,7.25,2.29,7.25,0,"no","sat down at 5:33am, magpie in and out of barn a few times, sanitizing behavior not noted on d3 obs"
"2","2640-97398","2850-57907",68,"grizz","grizz 68",2021-06-10,"APP","camera",8,4,"mid",1.02,"6:05","7:05",3548.414,12,7,5,11,5,6,12,11,1,2609.266,1551.244,1058.022,1992.092,1174.341,817.751,2,2,2,2,15.1,14.8,36.2,49.8,3,5,"partly",16.3,16,15.5,56.3,55.175,53.3,5.75,4.5,3.5,10.25,24,36.5,25.0056842105263,13.7,64.9,39.0934736842105,17.5,29.75,21,23.25,44.75,118.75,37.9,24.0432203389831,10.3,75.5,40.0079661016949,15.2,91,49,53.5,101.5,295,8.3525,21.625,6.0625,14.375,0,"no",""
"3","2640-97398","2850-57907",68,"grizz","grizz 68",2021-06-14,"ZML","person",12,4,"late",5.84,"6:00","7:00",3609.452,20,10,9,18,9,9,6,3,3,1412.77,298.172,1100.684,138.288,138.288,0,1,2,3,3,17.4,14.8,37.9,60.2,0,0,"clear",18.3,17.875,17.4,63.3,62.525,61.8,6.5,2.5,4.25,10.75,24,37.9,24.5679292929293,11.5,63.3,35.7212121212121,15.2,27,18.75,19.25,34,99,37.9,24.0432203389831,10.3,75.5,40.0079661016949,15.2,91,49,53.5,101.5,295,12.8825,43.375,4.53,21.75,0,"no","habituation 5:45, unknown other probably female based on how it fed at 6:22"
"4","2850-57860","UNB",154,"grizz","grizz 154",2021-06-10,"APP","camera",3,5,"early",0.91,"6:05","7:05",3569.564,18,7,11,16,5,11,10,10,0,2783.001,1488.821,1294.18,2010.208,987.397,1022.811,2,3,1,1,14.4,14.1,36,50.8,3,5,"partly",16.3,15.7,14.9,55.7,54.7,53.1,6,4,3,11,24,36.7,24.8667752442997,13.2,62.2,37.8921824104235,18,24.75,10,11.25,30.75,76.75,40,25.9906858594412,10.7,63.4,35.6325148179509,15.9,68.5,50.75,52.25,123.75,295.25,3.418,9.4,3.418,9.4,0,"no",""
"5","2850-57860","UNB",154,"grizz","grizz 154",2021-06-15,"APP","camera",8,5,"mid",0.88,"6:05","7:05",3572.162,13,8,5,9,3,6,13,10,3,2516.237,1697.195,819.042,142.309,142.309,0,2,2,2,1,16.3,16.2,37.7,47.1,1,3,"clear",20,18.2,16.6,49.5,47.475,46.6,4.75,3.5,4,11.75,24,37.6,25.2946058091286,10.7,63.4,35.9045643153527,15.9,29.5,20.25,24,46.75,120.5,40,25.9906858594412,10.7,63.4,35.6325148179509,15.9,68.5,50.75,52.25,123.75,295.25,10.158,29,6.74,19.6,1,"yes",""
"6","2850-57860","UNB",154,"grizz","grizz 154",2021-06-19,"","camera",12,3,"late",0.93,"","",NA,NA,NA,NA,NA,NA,NA,NA,NA,NA,NA,NA,NA,NA,NA,NA,NA,NA,NA,NA,16.7,16.7,36,54.5,0,0,"partly",NA,NA,NA,NA,NA,NA,3.5,4.75,5,10.75,24,40,27.7267857142857,16.2,55.8,33.5283163265306,16.2,14.25,20.5,17,46.25,98,40,25.9906858594412,10.7,63.4,35.6325148179509,15.9,68.5,50.75,52.25,123.75,295.25,12.9833333333333,46.5,2.82533333333333,17.5,0,"no","camera crashed, no d12 obs"
"7","2850-57711","2850-57473",1,"vanloon","vanloon 1",2021-06-10,"SAM","person",3,3,"early",0.97,"6:00","7:00",3602.468,22,11,11,18,8,10,14,14,0,3538.365,2219.113,1319.252,2860.116,1826.201,1033.915,3,3,3,2,15.1,14.3,29.7,50.4,0,0,"partly",14.9,14.72,14.6,56.2,53.92,52.5,7.25,4.75,5.5,6.5,24,30,21.6770967741935,13.1,70.2,47.0522580645161,26.4,30.5,13.25,21.25,12.5,77.5,34.7,23.5229923922232,11.3,70.2,42.3950972104818,18.8,80,59.25,78.25,78.25,295.75,3.76,8.83333333333333,3.76,8.83333333333333,0,"no","not possible to score GFN modifiers"
"8","2850-57711","2850-57473",1,"vanloon","vanloon 1",2021-06-15,"SAM","person",8,3,"mid",1.24,"6:20","7:20",3604.352,20,11,9,16,8,8,21,19,2,2492.243,1658.807,833.436,1101.383,852.183,249.2,3,2,2,2,17.5,17.4,33.3,51.2,0,0,"clear",17.2,17.05,17,59.8,58.05,56.5,3.75,5.75,5.5,9,24,33.3,23.0589473684211,11.3,70,42.4513684210526,20.1,33,25.25,32,28.5,118.75,34.7,23.5229923922232,11.3,70.2,42.3950972104818,18.8,80,59.25,78.25,78.25,295.75,13.01,29,9.25,20.1666666666667,16,"yes","not possible to score GFN modifiers"
"9","2850-57711","2850-57473",1,"vanloon","vanloon 1",2021-06-19,"SAM","person",12,3,"late",1.32,"6:30","7:30",3604.423,23,13,9,22,12,9,9,9,0,976.218,884.209,89.25,0,0,0,2,2,3,1,18.4,18.4,30.9,53.2,0,0,"partly",18.4,18.18,18,62.9,59.1,55.3,2.75,5.75,8.5,7,24,34.7,25.5145728643216,17,64.6,38.7005025125628,18.8,16.5,20.75,25,37.25,99.5,34.7,23.5229923922232,11.3,70.2,42.3950972104818,18.8,80,59.25,78.25,78.25,295.75,17.7966666666667,52.8333333333333,4.78666666666667,23.8333333333333,25,"yes","not possible to score GFN modifiers"
"10","2850-57520","UNB",156,"grizz","grizz 156",2021-06-12,"ZML","person",4,4,"early",5.33,"5:45","6:45",3693.106,19,9,10,11,3,8,21,20,1,3320.04,2354.163,965.877,2788.802,2143.267,645.535,3,2,2,2,10.9,10.9,31.7,48.5,0,0,"clear",12.6,11.4,10.7,51.9,50.28,48.7,4.75,8.25,6,5,24,36.2,24.3137254901961,11.7,58.5,31.5160130718954,14.8,22.5,14.25,14,25.75,76.5,40.1,25.8489847715736,10.7,65.5,35.6225042301184,14.8,63.25,60.75,54.25,117.25,295.5,5.1025,11.125,5.1025,11.125,0,"no",""
"11","2850-57520","UNB",156,"grizz","grizz 156",2021-06-17,"ZML","person",9,4,"mid",5.64,"6:06","7:06",3605.086,15,5,10,12,4,8,26,23,3,2154.071,1514.585,639.486,970.084,970.084,0,2,2,2,2,18,18,39.1,37.8,0,0,"partly",19.7,18.65,17.9,43.3,41.4,39.2,2.25,5.25,4.5,12,24,39.7,27.0977130977131,10.7,64.3,36.2266112266112,15.7,21.75,22.5,20.75,55.25,120.25,40.1,25.8489847715736,10.7,65.5,35.6225042301184,14.8,63.25,60.75,54.25,117.25,295.5,10.045,30.5,4.9425,19.375,0,"no",""
"12","2850-57520","UNB",156,"grizz","grizz 156",2021-06-21,"ZML","person",13,3,"late",5.26,"6:15","7:15",3616.141,6,1,4,5,0,4,0,0,0,2647.007,2538.158,103.066,0,0,0,1,1,3,1,15.1,15,39.1,65,0,0,"mostly",15.4,15.2,15,65.5,65.18,65,0.25,10.5,4.75,8.5,24,40.1,25.5177215189873,15,65.5,38.0681012658228,15.9,19,24,19.5,36.25,98.75,40.1,25.8489847715736,10.7,65.5,35.6225042301184,14.8,63.25,60.75,54.25,117.25,295.5,15.58,55.1666666666667,5.535,24.6666666666667,0,"no",""
"13","2640-97390","2850-57866",139,"grizz","grizz 139",2021-06-12,"APP","person",3,4,"early",6.5,"5:45","6:46",3642.022,17,7,10,7,4,3,16,16,0,3532.759,2767.347,765.412,2339.763,2322.257,17.506,2,1,3,1,11.2,12.3,31.4,47.8,0,0,"clear",12.1,11.4,10.9,50.2,49.125,48.1,4.5,8.25,6.5,4.75,24,36,24.2804560260586,11.8,57.5,30.5986970684039,13.7,22,14.25,15,25.5,76.75,39.7,25.8224386113463,10.9,65.4,34.9328535139712,13.7,61.75,60.75,56.75,116,295.25,3.6125,8.625,3.6125,8.625,0,"no","start habituation 5:25"
"14","2640-97390","2850-57866",139,"grizz","grizz 139",2021-06-17,"APP","person",8,4,"mid",5.94,"6:06","7:06",3635.203,15,7,8,10,5,5,6,3,3,2833.955,1948.297,885.658,1673.068,1673.068,0,2,2,3,2,18.3,11.2,38.9,37.1,0,0,"partly",20.1,18.95,18.1,43.5,40.925,38.6,2.5,5.25,4,12.25,24,39.3,27.0412008281574,10.9,64.1,35.4813664596273,14.4,22.25,22.5,21,55,120.75,39.7,25.8224386113463,10.9,65.4,34.9328535139712,13.7,61.75,60.75,56.75,116,295.25,9.59,27.625,5.9775,19,0,"no","start habituation 5:51"
"15","2640-97390","2850-57866",139,"grizz","grizz 139",2021-06-21,"APP","person",12,3,"late",5.38,"6:15","7:15",3611.702,8,4,4,6,3,3,1,1,0,1697.595,942.9,754.695,624.13,624.13,0,1,1,3,3,15.3,15.2,33.1,65.3,0,0,"mostly",15.5,15.35,15.2,65.4,65.175,64.9,0,10.25,5.5,8.25,24,39.7,25.527621483376,15.2,65.4,37.6583120204604,14.1,17.5,24,20.75,35.5,97.75,39.7,25.8224386113463,10.9,65.4,34.9328535139712,13.7,61.75,60.75,56.75,116,295.25,15.74,48.3333333333333,6.15,20.7083333333333,0,"no","start habituation 6:03"
"16","2640-97484","MB R",102,"grizz","grizz 102",2021-06-12,"SAM","person",3,4,"early",5,"5:45","6:45",3602.869,22,12,10,5,2,3,7,7,0,3501.791,2207.557,1294.234,3109.929,2022.809,1087.12,3,1,3,3,11.3,11.3,29.7,46.8,0,0,"clear",13.1,11.72,11,51.2,49.24,47.3,4.25,8,8.75,3,24,35.8,23.961038961039,11.7,57.7,31.0974025974026,15.2,22,13.75,17.5,23.75,77,39.3,25.5571065989848,11,63.2,35.4345177664975,15.2,61.5,59.25,59.5,115.25,295.5,3.9425,8.625,3.9425,8.625,0,"no",""
"17","2640-97484","MB R",102,"grizz","grizz 102",2021-06-17,"SAM","person",8,4,"mid",3.99,"6:06","7:06",3609.736,20,12,8,16,10,6,15,10,5,2640.052,1455.014,1185.038,1106.851,1001.545,105.306,3,3,2,2,18.2,18.1,37.7,37,0,0,"partly",20.1,18.925,18.1,43.1,40.75,38.2,2.25,5.25,4.25,12.25,24,37.6,26.8129979035639,11,63.2,36.167714884696,15.5,20.75,21.75,20.25,56.5,119.25,39.3,25.5571065989848,11,63.2,35.4345177664975,15.2,61.5,59.25,59.5,115.25,295.5,10.9475,28.75,7.005,20.125,0,"no",""
"18","2640-97484","MB R",102,"grizz","grizz 102",2021-06-21,"SAM","person",12,4,"late",4.34,"6:15","7:15",3605.86,20,13,7,18,12,6,3,3,0,607.647,428.373,179.274,0,0,0,2,2,2,1,15.3,15.2,31.2,62.8,0,0,"mostly",15.6,15.4,15.2,63.2,63.08,62.8,0,10.25,5,8.75,24,39.3,25.2863979848867,15.2,63.2,37.9183879093199,15.2,18.75,23.75,21.75,35,99.25,39.3,25.5571065989848,11,63.2,35.4345177664975,15.2,61.5,59.25,59.5,115.25,295.5,16.42,52.875,5.4725,24.125,0,"no",""
"19","2850-57482","2850-57716",46,"grizz","grizz 46",2021-06-14,"SAM","person",3,1,"early",2.79,"6:00","7:00",3608.87,11,6,5,7,3,4,20,16,4,3480.781,2570.501,910.28,2626.791,1877.459,749.332,1,1,2,1,17.1,14.4,36.6,61.5,0,0,"clear",18.6,17.925,17.2,63.5,63.2,62.9,7,1.75,3.75,11.5,24,36.6,26.2043956043956,14.4,59.2,38.5065934065934,22.7,9.75,7.25,7.75,20.75,45.5,39.2,25.6748344370861,12.6,67.9,38.1325449385052,15.5,54.25,54.5,54.5,101,264.25,4.4,10,4.4,10,0,"no",""
"20","2850-57482","2850-57716",46,"grizz","grizz 46",2021-06-19,"ZML","person",8,1,"mid",5.18,"6:13","7:13",3597.451,11,6,5,8,4,4,11,9,2,1923.285,1308.959,614.326,1428.768,876.162,552.606,1,1,1,2,16.5,16.4,35.3,55.5,0,0,"partly",17.1,16.725,16.4,57.5,56.575,55.9,3.75,4.75,5,10.5,24,39.2,27.553112033195,16.5,63.6,34.4665975103734,15.5,15.75,24.5,23.25,57,120.5,39.2,25.6748344370861,12.6,67.9,38.1325449385052,15.5,54.25,54.5,54.5,101,264.25,14.22,32,9.82,22,0,"no","start habituation at 5:58; female seems to watch observer more than typical of Grizz birds"
"21","2850-57482","2850-57716",46,"grizz","grizz 46",2021-06-23,"ZML","person",12,1,"late",5.18,"6:08","7:08",3598.534,16,8,7,11,5,6,16,13,3,2302.613,997.149,694.107,303.254,151.795,151.459,1,1,3,3,16.1,12.6,35.3,45.5,0,0,"partly",17.1,16.45,16,50.7,48.075,46.3,7.75,3,3.25,10,24,33.6,23.1259541984733,12.6,67.9,42.4554707379135,23.5,28.75,22.75,23.5,23.25,98.25,39.2,25.6748344370861,12.6,67.9,38.1325449385052,15.5,54.25,54.5,54.5,101,264.25,18.83,56.5,4.61,24.5,0,"no","start habituation at 5:46; while tried to start obs at 6:00, could not differentiate parent IDs before 6:08...official start time should be 6:08; HOSP enters barn 2x"
"22","2850-57519","2850-57862",114,"grizz","grizz 114",2021-06-15,"ZML","person",3,3,"early",4.27,"6:05","7:05",3598.309,25,12,13,14,5,9,24,15,9,3500.418,2385.305,1115.113,2956.968,2142.621,814.347,3,2,3,3,15.9,15.9,36.9,48.7,1,3,"clear",19.4,17.8,16.4,51,48.95,47.8,5,3.75,4,11.25,24,36.7,25.0545454545455,10.4,66,40.8996753246753,22.2,22.75,11,11.25,32,77,39.9,25.3549534292972,10.4,68.2,38.4632514817951,15.1,67.75,59.25,58,110.25,295.25,3.71,9.33333333333333,3.71,9.33333333333333,0,"no","start habituation 5:50; 2 HOSP ~3m from nest at start of trial; "
"23","2850-57519","2850-57862",114,"grizz","grizz 114",2021-06-21,"HS4","camera",9,3,"mid",0.96,"6:15","7:15",3614.808,9,3,6,9,3,6,1,1,0,1233.99,978.326,255.664,927.446,927.446,0,1,2,1,1,14.7,14.6,32.5,66.1,0,0,"mostly",15.1,14.9,14.7,66.6,66.46,66.3,0.25,10.5,5.25,8,24,39.9,26.4928321678322,15.2,62.6,35.6183566433566,15.1,21.75,34.25,28.75,58.25,143,39.9,25.3549534292972,10.4,68.2,38.4632514817951,15.1,67.75,59.25,58,110.25,295.25,14.1633333333333,35.6666666666667,10.4533333333333,26.3333333333333,0,"no","start habituation 6:03"
"24","2850-57519","2850-57862",114,"grizz","grizz 114",2021-06-24,"ZML","person",12,3,"late",4.52,"6:00","7:00",3621.84,24,10,14,22,10,12,1,0,1,215.551,105.053,110.498,0,0,0,2,2,1,1,20.3,15.5,37,46.2,0,0,"mostly",20.2,20.06,19.9,49.1,47.88,46.6,7.75,1,5.25,10,24,36.9,23.5,11.8,68.2,41.3764119601329,17.1,23.25,14,18,20,75.25,39.9,25.3549534292972,10.4,68.2,38.4632514817951,15.1,67.75,59.25,58,110.25,295.25,16.9633333333333,52.3333333333333,2.8,16.6666666666667,0,"no","start habituation 5:48; HOSP enters barn 3x"
"25","2510-63484","2850-57710",11,"vanloon","vanloon 11",2021-06-17,"APP","camera",3,5,"early",0.93,"6:00","7:00",3612.219,20,11,9,20,10,10,15,13,2,3509.17,2530.749,978.421,2778.051,2116.506,661.545,3,3,3,2,21.2,17.9,34.4,39.5,0,0,"partly",21.3,21.08,20.7,44.2,42.32,39.5,2.5,5.25,6.5,9.75,24,34.8,25.7201986754967,17.3,67.5,42.5804635761589,17.3,10.25,19,17.5,28.75,75.5,34.8,23.4503810330229,14.5,74.8,46.2492802709568,17.3,62.75,95.75,75.25,61.5,295.25,2.806,7.9,2.806,7.9,8,"yes",""
"26","2510-63484","2850-57710",11,"vanloon","vanloon 11",2021-06-22,"APP","camera",8,5,"mid",0.97,"6:00","7:00",3595.307,9,6,3,6,2,4,13,10,3,3223.505,2927.081,296.424,2636.636,2600.547,36.089,1,1,3,3,16.4,14.5,22.6,55.1,0,0,"clear",17.2,16.84,16.4,60.8,56.8,55.1,14.25,9.75,0,0,24,34.1,22.8954451345756,14.5,67.9,46.0631469979296,21.2,25.75,43,33.25,18.75,120.75,34.8,23.4503810330229,14.5,74.8,46.2492802709568,17.3,62.75,95.75,75.25,61.5,295.25,11.724,25.8,8.918,17.9,11,"yes",""
"27","2510-63484","2850-57710",11,"vanloon","vanloon 11",2021-06-26,"APP","camera",12,5,"late",0.94,"6:00","7:00",3599.973,33,17,16,33,17,16,1,0,1,133.226,46.062,87.164,0,0,0,3,3,1,1,19.8,16.3,23.7,64.3,0,0,"mostly",19.9,19.64,19.3,64.6,64.14,63.7,9.75,12.75,1.5,0,24,30.9,22.3962121212121,14.8,74.8,49.2742424242424,19.5,26.75,33.75,24.5,14,99,34.8,23.4503810330229,14.5,74.8,46.2492802709568,17.3,62.75,95.75,75.25,61.5,295.25,17.596,48.5,5.872,22.7,59,"yes",""
"28","2350-21096","2850-57717",61,"grizz","grizz 61",2021-06-17,"MJA","person",3,4,"early",4.95,"6:06","7:06",2999.979,18,8,10,20,7,13,25,11,14,NA,NA,NA,NA,NA,NA,2,3,NA,NA,17.8,17.8,39.5,37,0,0,"partly",20.2,18.85,17.8,42.8,40.725,38.5,2.75,5.25,4,12,24,40.1,27.7398058252427,16,63.1,34.6611650485437,15.3,13,16.5,12.25,35.5,77.25,40.8,25.4428450465707,12.1,77,38.845300592718,15,67.25,66,57.25,104.75,295.25,3.2125,9,3.2125,9,0,"no",""
"29","2350-21096","2850-57717",61,"grizz","grizz 61",2021-06-22,"SAM","person",8,4,"mid",4.09,"6:06","7:06",3602.368,11,6,5,3,1,2,8,4,4,2774.523,2099.914,674.609,2219.536,1868.582,350.954,1,1,3,3,12.1,12,28.9,60.1,0,0,"clear",15.1,13.675,12.5,65.5,62.9,60.8,11.25,4.75,7,1,24,40.8,24.8559251559252,12.3,63.9,38.8149688149688,15,28.25,28.25,26.25,37.5,120.25,40.8,25.4428450465707,12.1,77,38.845300592718,15,67.25,66,57.25,104.75,295.25,12.7375,29,9.525,20,0,"no","habituation start at 5:51"
"30","2350-21096","2850-57717",61,"grizz","grizz 61",2021-06-26,"APP","person",12,4,"late",4.36,"6:13","7:13",3602.873,17,14,3,15,12,3,1,1,0,771.966,693.596,78.37,274.503,274.503,0,1,1,2,3,15.2,14.8,31.7,72.1,0,0,"mostly",18.1,16.475,15.3,77,74.9,72.7,8.75,8.5,3.5,3.25,24,37.8,24.3496163682864,12.1,77,42.1892583120205,17,26,21.25,18.75,31.75,97.75,40.8,25.4428450465707,12.1,77,38.845300592718,15,67.25,66,57.25,104.75,295.25,17.11,52.5,4.3725,23.5,0,"no","habituation start at 5:58"
"31","2850-57861","2850-57713",6,"grizz","grizz 6",2021-06-19,"HS4","camera",4,2,"early",0.97,"6:00","7:00",3602.078,12,5,7,6,2,4,12,8,4,3217.097,2458.512,758.585,2778.866,2184.345,594.521,1,1,1,2,16.7,16.6,37.5,53.4,0,0,"partly",16.8,16.65,16.6,54.7,54,53.5,4,4.25,5,10.75,24,40.2,27.5086848635236,16.2,53.1,32.5990074441687,14.8,15.5,22.75,17,45.5,100.75,40.2,24.3983568075117,12.4,75.5,41.387558685446,14.8,84.25,74.25,67.5,93.5,319.5,4.895,11.5,4.895,11.5,0,"no",""
"32","2850-57861","2850-57713",6,"grizz","grizz 6",2021-06-24,"HS4","camera",9,2,"mid",0.76,"6:00","7:00",3613.853,20,8,12,15,4,11,21,19,2,2190.481,1562.976,627.505,934.089,877.745,56.344,3,2,2,2,20.7,15.9,37.4,44.2,0,0,"mostly",20.6,20.525,20.4,46.8,45.625,44.7,7.25,1.5,5,10.25,24,37.3,24.2388773388773,12.4,64.6,39.2361746361746,16.3,30,25.75,28.25,36.25,120.25,40.2,24.3983568075117,12.4,75.5,41.387558685446,14.8,84.25,74.25,67.5,93.5,319.5,15.085,38.75,10.19,27.25,0,"no",""
"33","2850-57861","2850-57713",6,"grizz","grizz 6",2021-06-28,"MJA","person",13,2,"late",5.49,"6:28","7:28",3598.439,23,9,14,25,8,17,1,1,0,NA,NA,NA,NA,NA,NA,2,2,NA,NA,15.2,14.2,29.7,67.8,0,0,"mostly",16.6,16.15,15.7,69.2,69.125,69,11.75,3.75,6.75,1.75,24,34.7,21.4116751269036,14.1,75.5,53.0032994923858,23.9,38.75,25.75,22.25,11.75,98.5,40.2,24.3983568075117,12.4,75.5,41.387558685446,14.8,84.25,74.25,67.5,93.5,319.5,20.99,60,5.905,21.25,0,"no","chillier than normal temps in barn; pair skittish or ZML completing obervation nearby; not very much visitation"
"34","2850-57604","2850-57701",110,"schaaps","schaaps 110",2021-06-19,"MJA","person",4,3,"early",2.74,"6:22","7:22",3608.476,16,8,7,22,10,12,17,11,6,NA,NA,NA,NA,NA,NA,2,3,NA,NA,16.6,16.6,37.5,53.3,0,0,"fully",18.4,18.25,18.1,54.8,52.375,50.4,0,4.25,11.5,8.25,24,34.2,25.9327777777778,19.5,52.1,33.8369444444444,17.9,0,31.25,28.25,30.5,90,34.2,22.7638866396761,13.2,71.5,43.477975708502,17.9,0,31.25,28.25,30.5,90,4.37,10.1666666666667,4.37,10.1666666666667,0,"no","possibly 3 adults at this nest (parents and a random UNB female or juvenile male?); no day 8 obs"
"35","2850-57604","2850-57701",110,"schaaps","schaaps 110",2021-06-28,"H8","camera",13,3,"late",0.91,"6:00","7:00",3112.684,8,5,3,9,6,3,2,2,0,514.217,495.519,18.698,169.724,169.724,0,1,1,1,3,15.5,15.1,21.9,61.1,0,0,"mostly",15.7,15.58,15.5,63.2,61.94,60.9,16,8,0,0,24,NA,NA,NA,NA,NA,NA,NA,NA,NA,NA,NA,34.2,22.7638866396761,13.2,71.5,43.477975708502,17.9,0,31.25,28.25,30.5,90,19.3333333333333,55.8333333333333,NA,NA,1,"yes",""
"36","2850-57715","2850-57859",140,"grizz","grizz 140",2021-06-21,"MJA","person",4,2,"early",5.44,"6:15","7:15",3621.171,7,3,3,11,6,4,12,8,3,NA,NA,NA,NA,NA,NA,1,2,NA,NA,15,14.9,33.8,63.7,0,0,"mostly",15.4,15.2,15,64.5,64.125,63.9,0.25,10.25,4.75,8.75,24,40,25.5426065162907,15.5,61.2,36.9578947368421,14.8,16.75,27.75,19.5,35.75,99.75,40,23.320593220339,12,77.7,44.2401694915254,14.8,89.25,70,63.5,72.25,295,3.79,9,3.79,9,0,"no","3 UNB males perching/singing near nest; HOFI nest nearby and enters barn 6 times"
"37","2850-57715","2850-57859",140,"grizz","grizz 140",2021-06-26,"MJA","person",9,2,"mid",2.82,"6:13","7:13",3109.687,12,5,7,19,10,9,6,6,0,NA,NA,NA,NA,NA,NA,2,3,NA,NA,15,14.7,31.5,73.5,0,0,"mostly",18.5,16.825,15.3,77.7,75.975,74.3,8.75,8.5,4,2.75,24,36.8,23.4100823045267,12,74.1,43.8705761316872,16.9,37.25,26.25,25,33,121.5,40,23.320593220339,12,77.7,44.2401694915254,14.8,89.25,70,63.5,72.25,295,11.55,27.5,7.76,18.5,0,"no","HOFI visits nearby nest 3 times; male has growth on its bill; asynchronous hatch...one nestling may be only day 5"
"38","2850-57715","2850-57859",140,"grizz","grizz 140",2021-06-29,"MJA","person",12,2,"late",3.25,"5:55","6:55",3600.933,12,5,7,18,5,13,4,1,3,NA,NA,NA,NA,NA,NA,1,2,NA,NA,13.4,13.4,27.7,63.6,0,0,"partly",13.9,13.58,13.3,67,65.06,64,10.25,6.25,7.5,0,24,30,20.1677966101695,13.3,77.7,54.6986440677966,32.2,35.25,16,19,3.5,73.75,40,23.320593220339,12,77.7,44.2401694915254,14.8,89.25,70,63.5,72.25,295,17.07,46,5.52,18.5,0,"no","HOFI visits nearby nest 11 times; all birds alarm calling outside for several minutes due to suspected predator though predator sighting never confirmed"
"39","2850-57863","2850-57714",151,"grizz","grizz 151",2021-06-22,"ZML","person",3,5,"early",4.34,"6:06","7:06",3613.603,17,9,8,13,5,8,33,19,14,3455.565,2581.56,874.005,2920.772,2288.588,632.184,2,2,2,3,12.3,12.2,28.3,62,0,0,"clear",13.8,13,12.3,66.4,63.75,61.7,11.75,4.75,6.75,0.75,24,33.2,22.5051779935275,12.6,66.2,43.9766990291262,25,22.75,22,18.25,14.25,77.25,36.8,22.2523185483871,12.2,77.4,47.5816532258064,18.1,85.5,62,57.75,42.75,248,2.568,8.2,2.568,8.2,0,"no",""
"40","2850-57863","2850-57714",151,"grizz","grizz 151",2021-06-28,"ZML","person",9,5,"mid",4.88,"6:20","7:20",3605.844,22,11,9,22,11,9,6,6,0,399.999,305.392,80.033,90.685,90.685,0,3,3,1,1,14.7,14,28.2,69.2,0,0,"mostly",15.9,15.4,14.8,70.8,70.25,69.4,12.25,3.75,7.75,0.25,24,36.8,22.6793345008757,12.2,77.4,48.4373029772329,18.1,48,34.25,32,28.5,142.75,36.8,22.2523185483871,12.2,77.4,47.5816532258064,18.1,85.5,62,57.75,42.75,248,13.472,29.5,10.904,21.3,0,"no",""
"41","2850-57863","2850-57714",151,"grizz","grizz 151",2021-07-01,"ZML","person",12,5,"late",5.18,"6:26","7:26",3612.849,42,24,16,37,23,12,6,2,4,472.677,155.057,311.036,0,0,0,3,3,1,1,18.4,13.8,32,73.1,0,0,"mostly",NA,NA,NA,NA,NA,NA,0,0,0,0,0,27.9,19.3776785714286,13.4,70.8,53.1651785714286,31.6,14.75,5.75,7.5,0,28,36.8,22.2523185483871,12.2,77.4,47.5816532258064,18.1,85.5,62,57.75,42.75,248,17.238,47.8,3.766,18.3,1,"yes",""
"42","UNB","UNB",131,"schaaps","schaaps 131",2021-06-23,"APP","camera",3,4,"early",0.72,"5:59","6:59",3592.895,18,9,9,14,7,7,18,16,2,3558.663,2865.132,693.531,2840.532,2433.104,407.428,3,2,3,2,16.8,10.5,36.7,42.4,3,5,"mostly",19.2,18.225,17,40.4,37.775,36.1,7.5,2.25,3.25,11,24,36.4,21.9233009708738,10.4,81.1,45.9404530744337,18,27.75,17.25,14.75,17.5,77.25,40.6,21.3553767993226,10.4,84.3,52.3228619813717,12,128.25,57.75,58,51.25,295.25,4.085,9.5,4.085,9.5,0,"no","Sexing not reliable. Use total visitation rate. "
"43","UNB","UNB",131,"schaaps","schaaps 131",2021-07-02,"SAM","camera",12,4,"late",0.71,"6:15","7:15",3602.706,25,11,6,24,10,6,2,2,0,132.384,87.091,18.775,0,0,0,2,2,1,1,13.9,13.3,31.5,83.5,0,0," mostly",17.1,15.575,14.1,83.2,80.7,76.7,12.25,5.5,3.5,2.75,24,31.5,20.6537084398977,11.6,84.3,57.3662404092072,27,43.5,21,21.5,11.75,97.75,40.6,21.3553767993226,10.4,84.3,52.3228619813717,12,128.25,57.75,58,51.25,295.25,21.3475,52.625,6.35,22,0,"no","Sexing not reliable. Use total visitation rate. "
"44","2850-57611","2850-57606",71,"schaaps","schaaps 71",2021-06-23,"APP","person",3,4,"early",4.22,"5:57","6:57",3604.924,16,9,6,6,3,3,16,15,1,3232.823,2794.447,239.713,2453.169,2288.478,0,2,1,2,1,18.3,13,37.2,36.8,3,5,"mostly",18.6,18.35,18.2,36.9,35.075,33.2,7.25,0.5,4,12.25,24,37.1,23.8203883495146,13,66.6,38.0919093851133,20.5,20,18.25,16.5,22.5,77.25,37.1,23.4917089678511,13,80.1,42.7516920473773,14.9,84,71.5,60.75,79.25,295.5,3.61,8.75,3.61,8.75,0,"no",""
"45","2850-57611","2850-57606",71,"schaaps","schaaps 71",2021-06-28,"APP","camera",8,4,"mid",0.97,"6:16","7:16",3694.594,5,3,2,4,2,2,7,6,1,2737.982,2436.113,301.869,2117.455,2117.455,0,1,1,3,3,14.8,14.7,31.9,61,0,0,"mostly",18.1,16.225,14.8,68.3,64.3,61,11.25,3.5,6.5,2.75,24,36.9,23.779375,14.7,76.5,42.0191666666667,14.9,37.25,26.75,21.75,34.25,120,37.1,23.4917089678511,13,80.1,42.7516920473773,14.9,84,71.5,60.75,79.25,295.5,14.135,28.75,10.525,20,0,"no",""
"46","2850-57611","2850-57606",71,"schaaps","schaaps 71",2021-07-02,"SAM","camera",12,4,"late",0.81,"6:22","7:22",3622.797,20,7,13,18,7,11,2,1,1,447.648,366.785,80.863,0,0,0,2,2,1,1,15.2,15.1,32.1,70.7,0,0,"mostly",19.3,16.975,15.4,80.1,75.475,70.9,2,15,1.75,5.25,24,35.6,22.8819338422392,14.2,80.1,47.3101781170483,29.5,26.75,26.5,22.5,22.5,98.25,37.1,23.4917089678511,13,80.1,42.7516920473773,14.9,84,71.5,60.75,79.25,295.5,19.605,53.75,5.47,25,0,"no",""
"47","2850-57561","2850-57563",74,"schaaps","schaaps 74",2021-06-23,"APP","person",3,4,"early",1.98,"5:57","6:57",3614.905,24,10,14,17,7,10,17,16,1,3292.633,2386.682,905.951,2143.523,1793.967,349.556,3,3,2,1,19,14,30.3,37.8,3,5,"mostly",19.4,19.075,18.6,37.3,35.1,32.5,7.75,1,6.5,8.75,24,30.3,22.1022727272727,14,63.8,42.55,25.3,19.75,26.25,22.25,8.75,77,32.2,21.5893310753599,14,71.6,48.2028789161727,17.9,86.75,105.75,76.25,26.5,295.25,3.24,9,3.24,9,0,"no","not possible to score away from nest modifiers"
"48","2850-57561","2850-57563",74,"schaaps","schaaps 74",2021-06-28,"APP","camera",8,3,"mid",1.02,"6:16","7:16",3610.392,7,4,2,4,1,3,21,18,3,3550.261,2496.904,421.308,1993.383,1842.634,150.749,1,1,3,3,15.2,15,23.8,61.8,0,0,"mostly",16.8,16.2,15.5,65,64.125,62.4,11.75,10.25,2,0,24,32.2,21.8871101871102,15,69.7,47.3172557172557,17.9,38.25,40.5,23.75,17.75,120.25,32.2,21.5893310753599,14,71.6,48.2028789161727,17.9,86.75,105.75,76.25,26.5,295.25,14.8233333333333,30.3333333333333,11.5833333333333,21.3333333333333,2,"yes",""
"49","2850-57561","2850-57563",74,"schaaps","schaaps 74",2021-07-02,"APP","camera",12,3,"late",1.04,"6:15","7:15",3600.534,24,15,8,21,13,8,9,9,0,836.73,778.071,58.659,492.859,492.859,0,2,2,2,3,15.5,15.5,26.1,70.2,0,0,"mostly",17.1,16.25,15.6,71.6,70.95,70.6,2.25,15.75,6,0,24,26.1,20.8209183673469,14.9,71.6,53.7311224489796,37,28.75,39,30.25,0,98,32.2,21.5893310753599,14,71.6,48.2028789161727,17.9,86.75,105.75,76.25,26.5,295.25,19.6133333333333,54.5,4.79,24.1666666666667,6,"yes",""
"50","2850-57718","2850-57560",54,"grizz","grizz 54",2021-06-24,"MJA","person",3,4,"early",5.81,"6:00","7:00",3627.008,21,12,9,36,25,11,14,14,0,NA,NA,NA,NA,NA,NA,3,3,NA,NA,22.1,16.1,36.6,44.7,0,0,"mostly ",21,20.85,20.7,46.9,46.125,44.8,6.5,2,4.75,10.75,24,36.6,23.6288524590164,12.6,66.5,40.9524590163934,17.1,24.75,12,18.25,21.25,76.25,36.6,22.4678813559322,12.6,77,49.5389830508475,17.1,97.5,71.25,70.25,56,295,3.3,6.25,3.3,6.25,0,"no",""
"51","2850-57718","2850-57560",54,"grizz","grizz 54",2021-06-29,"APP","camera",8,4,"mid",0.97,"6:00","7:00",3597.639,8,0,0,6,0,0,1,0,0,2340.843,0,0,2191.092,0,0,1,1,2,3,17.2,14,26.8,65.7,0,0,"partly",14.8,14.55,14.2,63.1,62.625,62.3,9.5,8,6.5,0,24,33.7,21.5247916666667,14.5,76.2,51.80875,25.9,43.25,35,30.75,11,120,36.6,22.4678813559322,12.6,77,49.5389830508475,17.1,97.5,71.25,70.25,56,295,13.61,29.375,10.31,23.125,0,"no","Very dark footage. Only use total visitation rate. "
"52","2850-57718","2850-57560",54,"grizz","grizz 54",2021-07-03,"MJA","person",12,4,"late",6.4,"5:57","6:57",3614.126,28,22,6,29,21,8,2,1,1,NA,NA,NA,NA,NA,NA,3,3,NA,NA,16.2,14.4,30.9,64,2,5,"clear",19.1,17.6,16.3,66.4,65.175,64.1,7.5,3.5,5.5,7.5,24,31.2,22.7174683544304,14.1,77,53.4108860759494,32.6,29.5,24.25,21.25,23.75,98.75,36.6,22.4678813559322,12.6,77,49.5389830508475,17.1,97.5,71.25,70.25,56,295,18.25,56.5,4.64,27.125,0,"no",""
"53","2850-57402","2850-57858",86,"grizz","grizz 86",2021-06-24,"SAM","person",3,3,"early",3.99,"6:00","7:00",3601.263,15,8,7,11,6,5,11,10,1,3548.112,2139.583,1408.529,3101.609,1881.445,1220.164,1,2,3,3,21.2,16.1,36.5,44.7,0,0,"mostly",21.1,20.96,20.8,48.3,46.22,44.8,6.5,2,4.75,10.75,24,36.3,26.8875,16.1,54.8,32.9721590909091,16.4,6.5,6,10.75,20.75,44,36.3,22.9447519083969,14,78.7,49.4416984732824,16.4,80.25,61.25,63.75,56.75,262,3.13,7.5,3.13,7.5,0,"no",""
"54","2850-57402","2850-57858",86,"grizz","grizz 86",2021-06-29,"APP","person",8,3,"mid",6.32,"5:55","6:55",3601.854,9,5,3,4,1,3,14,13,1,3232.468,2576.918,655.55,2502.486,1975.321,527.165,1,1,3,3,14.1,14.1,26.6,62.3,0,0,"partly",14.5,14.275,14,63.9,63.325,62.9,9.5,6.75,7.75,0,24,33.3,21.6041928721174,14.4,77,52.0333333333333,25.2,43.75,31.5,32.5,11.5,119.25,36.3,22.9447519083969,14,78.7,49.4416984732824,16.4,80.25,61.25,63.75,56.75,262,13.4033333333333,27.6666666666667,10.2733333333333,20.1666666666667,0,"no",""
"55","2850-57402","2850-57858",86,"grizz","grizz 86",2021-07-03,"ZML","person",12,3,"late",5.79,"6:16","7:16",3603.603,23,17,5,14,12,2,4,2,2,801.302,640.154,157.407,69.521,69.521,0,2,1,2,2,16.6,14.3,31.7,65,0,0,"clear",20.2,18.65,17.2,67.9,67.1,66.5,7.75,3.5,5.25,7.5,24,31.9,22.806835443038,14,78.7,53.6503797468354,31.6,30,23.75,20.5,24.5,98.75,36.3,22.9447519083969,14,78.7,49.4416984732824,16.4,80.25,61.25,63.75,56.75,262,19.4266666666667,50.5,6.02333333333333,22.8333333333333,0,"no",""
"56","2811-38779","2850-57712",161,"grizz","grizz 161",2021-06-26,"ZML","person",3,4,"early",7.11,"6:13","7:13",3047.751,15,7,8,11,3,8,13,12,1,2713.434,2022.86,690.574,2404.706,1830.816,573.89,1,2,1,1,15.2,14.7,29.7,72.7,0,0,"mostly",18.6,16.625,15.3,77,75.25,73,8.25,9.25,4,2.5,24,36.9,24.5805054151625,14.7,84.6,42.5971119133574,16,13.5,19,14.75,22,69.25,36.9,22.8793554006969,13.5,84.6,50.2935540069686,16,88.5,67.25,65.5,65.75,287,3.54,8.375,3.54,8.375,0,"no",""
"57","2811-38779","2850-57712",161,"grizz","grizz 161",2021-07-05,"SAM","person",12,4,"late",4.83,"5:45","6:45",3602.825,16,3,13,5,2,3,4,3,1,1583.963,1351.379,232.584,0,0,0,1,1,3,1,15.9,15.8,33.5,65.1,0,0,"clear",18.6,16.74,15.7,67.9,66.76,65.5,4.25,6.25,6.75,6.75,24,34,23.2969230769231,14,78.3,54.4784615384615,32.6,29.5,20.75,20,27.25,97.5,36.9,22.8793554006969,13.5,84.6,50.2935540069686,16,88.5,67.25,65.5,65.75,287,19.2925,50.125,5.7625,20.625,0,"no","obs on tupperware nest"
"58","2850-57526","2640-97543",123,"grizz","grizz 123",2021-06-26,"SAM","person",3,4,"early",5.49,"6:13","7:13",3600.694,15,9,6,9,3,6,9,7,2,3208.309,2387.61,820.699,2652.236,2138.108,514.128,2,1,1,2,15.4,15.1,30.2,72,0,0,"mostly",17.9,16.425,15.4,76.9,74.775,72.3,8.5,8.75,5,1.75,24,36.2,24.3108695652174,15.1,72.3,43.1025362318841,16.9,13.5,18.75,17.5,19.25,69,36.2,22.7466898954704,13.6,76.9,50.9145470383275,16.9,89.5,69.75,66.5,61.25,287,4.115,9.75,4.115,9.75,0,"no",""
"59","2850-57526","2640-97543",123,"grizz","grizz 123",2021-07-01,"MJA","person",8,4,"mid",5.18,"6:26","7:26",3681.167,28,13,15,29,14,15,0,0,0,NA,NA,NA,NA,NA,NA,3,3,NA,NA,18.7,14,31.2,72,0,0,"mostly",18.7,18.6,18.5,72.6,72.25,71.8,7.75,3.5,5.25,7.5,24,31.4,21.3338842975207,13.6,76.9,52.6696280991736,31.7,47,28.25,31.25,14.5,121,36.2,22.7466898954704,13.6,76.9,50.9145470383275,16.9,89.5,69.75,66.5,61.25,287,14.78,34.125,10.665,24.375,0,"no",""
"60","2850-57526","2640-97543",123,"grizz","grizz 123",2021-07-05,"MJA","person",12,4,"late",4.47,"5:45","6:45",3615.008,22,16,6,22,16,6,1,1,0,NA,NA,NA,NA,NA,NA,2,2,NA,NA,16,16,31.6,64.3,0,0,"clear",17.5,16.46,15.9,66.9,65.46,64.5,4.25,6.5,5.75,7.5,24,34.9,23.3963917525773,14,76.6,54.2822164948454,32.4,29,22.75,17.75,27.5,97,36.2,22.7466898954704,13.6,76.9,50.9145470383275,16.9,89.5,69.75,66.5,61.25,287,18.7275,57.5,3.9475,23.375,0,"no",""
"61","2850-57864","2850-57865",7,"hayes","hayes 7",2021-06-29,"ZML","person",4,6,"early",4,"7:17","8:33",3663.868,22,12,10,16,5,11,18,15,3,3746.832,2853.138,893.694,3171.41,2629.958,541.452,3,3,3,3,15.4,14.5,21.7,64.8,0,0,"partly",15.8,15.74,15.7,67.9,66.92,66.2,14.25,9.75,0,0,24,24.8,18.3046454767726,14.5,72.4,62.9227383863081,49.5,64.5,35.75,2,0,102.25,24.8,18.2377088305489,14.5,72.4,62.9852028639618,49.5,64.5,35.75,2,0,102.25,3.78166666666667,9.33333333333333,3.78166666666667,9.33333333333333,0,"no","distance is approximately 4m; score obs starting at 7:33 due to disturbance"
"62","2850-57618","UNB",17,"bluecloud","bluecloud 17",2021-06-29,"SAM","person",4,3,"early",5.18,"6:10","7:10",3601.905,13,7,6,3,2,1,1,1,0,3146.28,2723.471,422.809,2998.11,2695.525,302.585,1,1,1,3,14.3,14.3,22.7,63,5,8,"partly",14.9,14.35,14,64.5,64.25,64.1,12.5,11.5,0,0,24,25.3,18.5509803921569,14.4,72.4,58.9350490196078,43.1,61.5,36.25,4.25,0,102,29.1,21.1517796610169,14,74.2,56.0055084745763,39.4,92.25,108.75,89.5,4.5,295,6.63,12.5,6.63,12.5,0,"no",""
"63","2850-57618","UNB",17,"bluecloud","bluecloud 17",2021-07-03,"SAM","person",8,3,"mid",4.93,"6:16","7:16",3600.156,9,4,5,3,1,2,0,0,0,63.767,33.219,30.548,0,0,0,1,1,1,1,17.5,15.9,25.6,64.8,0,0,"clear",20.4,19.325,18.2,64.2,62.775,60.7,7.75,6.75,9.5,0,24,26.2,21.176501305483,14,74.2,57.5945169712794,39.8,25.25,38,32.5,0,95.75,29.1,21.1517796610169,14,74.2,56.0055084745763,39.4,92.25,108.75,89.5,4.5,295,15.9266666666667,31.1666666666667,9.29666666666667,18.6666666666667,0,"no",""
"64","2850-57618","UNB",17,"bluecloud","bluecloud 17",2021-07-07,"SAM","person",12,2,"late",5.54,"5:45","6:45",3603.505,9,1,8,8,1,7,1,0,1,40.943,2.143,38.8,0,0,0,1,1,1,2,19.3,19.3,27.8,62.3,9,12,"clear",19.8,19.36,19.2,64.4,63.28,62.4,0,9,15,0,24,29.1,23.8552699228792,17.2,64.9,51.3683804627249,39.4,5.5,34.5,52.75,4.5,97.25,29.1,21.1517796610169,14,74.2,56.0055084745763,39.4,92.25,108.75,89.5,4.5,295,20.47,58.75,4.54333333333333,27.5833333333333,3,"yes",""
"65","2850-57905","2850-57554",24,"schaaps","schaaps 24",2021-07-01,"APP","camera",4,3,"early",0.89,"6:49","7:49",3633.692,17,9,8,15,7,8,27,23,4,2909.248,2288.451,620.797,1635.269,1426.739,208.53,2,3,1,1,19.3,15.8,26.4,60,0,0,"mostly",19.7,19.45,19.3,64.6,62.125,60.3,7.25,3.75,13,0,24,26.4,21.4422222222222,14.7,62.3,48.2455555555556,35.8,17.5,23.25,26.75,0,67.5,34.3,23.901393728223,14.7,71.9,47.0952961672474,21,40.25,85,108.5,53.25,287,5.16333333333333,11.5,5.16333333333333,11.5,0,"no","camera start 4:08"
"66","2850-57905","2850-57554",24,"schaaps","schaaps 24",2021-07-06,"APP","camera",9,3,"mid",NA,"6:41","7:41",3518.407,19,10,8,12,5,7,11,10,1,2068.231,1816.512,251.719,332.075,332.075,0,2,2,2,1,19.9,17.9,30.4,54,0,0,"",20.5,20.125,19.9,59.2,56.975,54.3,3.75,4.25,9.5,6.5,24,31.2,23.2307851239669,15.5,71.9,52.2066115702479,37.1,19.75,37.75,47.75,15.75,121,34.3,23.901393728223,14.7,71.9,47.0952961672474,21,40.25,85,108.5,53.25,287,15.8333333333333,38.3333333333333,10.67,26.8333333333333,1,"yes","camera start 5:20"
"67","2850-57905","2850-57554",24,"schaaps","schaaps 24",2021-07-10,"SAM","camera",13,3,"late",1.22,"6:19","7:19",3604.676,21,9,12,17,5,12,7,6,1,628.807,575.619,53.188,0,0,0,2,1,2,2,20.5,20.5,34.3,49.4,0,0,"mostly",21.8,21.025,20.5,52.9,51.475,50,0,0,11.5,12.5,24,34.3,26.4104060913706,18.5,64.4,40.0281725888325,21,3,24,34,37.5,98.5,34.3,23.901393728223,14.7,71.9,47.0952961672474,21,40.25,85,108.5,53.25,287,19.01,62.5,3.17666666666667,24.1666666666667,1,"yes","camera start 5:29. Mounts not set up in advance but camera placed in between roof rafters away from nest where wall joins roof"
"68","2850-57617","2850-57624",4,"urbanfarm","urbanfarm 4",2021-07-01,"SAM","camera",3,3,"early",0.89,"6:54","7:54",3601.93,9,4,5,4,2,2,16,16,0,3264.661,2016.292,1248.369,2878.608,1750.915,1127.693,1,1,2,3,18.2,14.2,30.8,67,0,0,"mostly",18.7,18.4,18.2,71.9,69.7,68,8.75,3.5,5,6.75,24,30.8,21.090522875817,12.9,69,51.1274509803922,30.2,29.75,19.5,15.25,12,76.5,38.8,23.987763055339,12.9,81.2,48.4929851909587,18.5,82.25,75.75,65.75,97,320.75,4.33,9.5,4.33,9.5,0,"no",""
"69","2850-57617","2850-57624",4,"urbanfarm","urbanfarm 4",2021-07-06,"APP","camera",8,3,"mid",0.89,"6:27","7:27",3600.269,17,11,6,16,10,6,10,8,2,2033.06,1353.66,679.4,784.221,681.891,102.33,2,3,1,1,18.7,15.7,33.3,59.5,0,0,"",19.3,18.95,18.7,64.9,62.25,60.4,7,2,7.5,7.5,24,34.5,23.4165271966527,13.9,81.2,54.0265690376569,30.8,34.5,26.25,27.25,31.5,119.5,38.8,23.987763055339,12.9,81.2,48.4929851909587,18.5,82.25,75.75,65.75,97,320.75,12.82,30.5,8.49,21,0,"no",""
"70","2850-57617","2850-57624",4,"urbanfarm","urbanfarm 4",2021-07-11,"SAM","camera",13,3,"late",0.89,"7:44","8:44",3603.021,26,20,6,25,19,6,3,3,0,116.478,104.897,11.581,0,0,0,3,3,1,2,16.5,15.1,34.8,56.3,0,0,"clear",18.9,17.925,17,56,55.4,54.9,0.25,8.5,4.75,10.5,24,38.8,26.311623246493,15.1,70.4,41.576753507014,18.5,18,30,23.25,53.5,124.75,38.8,23.987763055339,12.9,81.2,48.4929851909587,18.5,82.25,75.75,65.75,97,320.75,17.4066666666667,60,4.58666666666667,29.5,9,"yes",""
"71","2850-57854","2850-57602",18,"cooks","cooks 18",2021-07-02,"ZML","person",4,4,"early",6.71,"6:30","7:30",3602.291,17,10,7,9,3,6,18,16,2,3420.912,2512.504,908.408,3004.526,2303.943,700.583,2,2,2,3,17.4,16.7,26.9,75.1,0,0,"mostly",17.7,17.36,17.2,78,76.1,74.7,0,18.75,5.25,0,24,27.6,22.1447653429603,16.8,75.8,56.3332129963899,39.1,12,32.25,25,0,69.25,36.4,24.1018078020932,16.8,78,52.2799238820171,22.7,20,93.5,112.5,36.75,262.75,5.625,11.75,5.625,11.75,0,"no",""
"72","2850-57854","2850-57602",18,"cooks","cooks 18",2021-07-06,"ZML","person",8,4,"mid",6.1,"6:15","7:15",3618.453,35,24,10,18,14,4,22,22,0,2517.762,2024.113,438.961,1109.319,1054.631,0,3,3,2,2,20.8,18.5,28.6,61.4,0,0,"",21.2,20.88,20.7,66.1,64.16,61.8,2.5,7.25,13,1.25,24,28.5,23.4510471204188,17.2,78,56.429057591623,40.9,8,34.75,50.25,2.5,95.5,36.4,24.1018078020932,16.8,78,52.2799238820171,22.7,20,93.5,112.5,36.75,262.75,14.8925,32.125,9.2675,20.375,1,"yes",""
"73","2850-57854","2850-57602",18,"cooks","cooks 18",2021-07-10,"MJA","person",13,4,"late",6.86,"6:35","7:35",3601.666,26,9,16,26,10,15,1,0,1,NA,NA,NA,NA,NA,NA,3,3,NA,NA,21.8,21.7,36.7,52.9,0,0,"mostly",22.2,21.975,21.8,57.1,55.55,53.7,0,0,13.25,10.75,24,36.4,26.1188775510204,19.2,69.6,45.3724489795918,22.7,0,26.5,37.25,34.25,98,36.4,24.1018078020932,16.8,78,52.2799238820171,22.7,20,93.5,112.5,36.75,262.75,19.3925,57.25,4.5,25.125,0,"no",""
"74","2850-57722","2850-57724",46,"vanloon","vanloon 46",2021-07-05,"ZML","person",4,5,"early",3.05,"6:34","7:34",3606.146,15,8,4,7,3,4,7,5,2,3171.546,2448.672,583.585,2749.15,2344.278,265.583,2,1,1,2,16,16,31.2,72.3,0,0,"clear",17,16.5,16.1,76.3,75.3,74.2,6.25,6.75,7.25,3.75,24,32,21.7427872860636,14,86.4,64.2982885085575,40.4,36.5,28.75,21.75,15.25,102.25,37.7,23.8046491969569,14,86.4,55.0863905325444,22.2,72.25,82.5,62.5,78.5,295.75,5.448,11.1,5.448,11.1,0,"no","habituation start at 6:19, 7:06 change female to unknown, 7:09 change female to unknown, 7:12 owner outside barn, 7:24-7:25 landowner in barn"
"75","2850-57722","2850-57724",46,"vanloon","vanloon 46",2021-07-10,"ZML","person",9,5,"mid",3.05,"7:12","8:12",3581.959,30,12,16,26,10,15,21,19,2,1613.539,1427.127,177.163,189.349,189.349,0,3,3,1,1,18.2,18.1,35.9,63.2,0,0,"partly",19.1,18.925,18.6,68.4,67,65,0,5.75,8.75,9.5,24,37.7,25.34,16,78.2,50.9263829787234,22.2,15.5,34,28.75,39.25,117.5,37.7,23.8046491969569,14,86.4,55.0863905325444,22.2,72.25,82.5,62.5,78.5,295.75,14.028,35.5,8.58,24.4,0,"no","habituation start 6:55, 7:10-7:17 landowner in barn (birds unphased by 7:12), 7:38 erase GFN in between ""others"", 7:57  unknown is likely male"
"76","2850-57722","2850-57724",46,"vanloon","vanloon 46",2021-07-13,"ZML","person",12,5,"late",3.05,"6:30","7:30",3601.384,48,26,13,45,26,11,10,8,2,551.206,369.878,143.916,0,0,0,3,3,2,2,19.3,5.4,36,54.2,0,0,"partly",19.3,19.12,19,59.5,57.5,55,8.5,3.5,4,8,24,35.9,24.2049342105263,14.9,73.3,49.1243421052632,26.5,20.25,19.75,12,24,76,37.7,23.8046491969569,14,86.4,55.0863905325444,22.2,72.25,82.5,62.5,78.5,295.75,16.442,51.7,2.414,16.2,0,"no","Habituation start 6:18, 6:46 female GFN before male at nest perching "
"77","2850-57559","UNK",98,"schaaps","schaaps 98",2021-07-06,"APP","camera",3,2,"early",0.41,"6:40","7:40",3601.317,9,5,4,6,2,4,13,12,1,3088.276,2554.788,533.488,2707.186,2353.874,353.312,1,1,1,2,19.3,17.4,27.2,58.2,0,0,"",19.6,19.44,19.3,63.1,61.32,58.2,5.5,5.25,13.25,0,24,29.1,22.7198697068404,16.7,69,52.0778501628664,39,13.75,25.25,35,2.75,76.75,33.1,23.6120595144871,15.2,69.3,45.8961628817541,20.5,47.5,95.75,129,47,319.25,5.185,9.5,5.185,9.5,0,"no","camera start at 5:20"
"78","2850-57559","UNK",98,"schaaps","schaaps 98",2021-07-11,"APP","camera",8,2,"mid",0.41,"7:28","8:28",3607.373,18,7,11,13,5,8,8,8,0,1735.246,1291.684,443.562,774.41,774.41,0,2,2,1,1,17.4,17.1,29.3,52.4,0,0,"clear",18.7,18.125,17.6,54.2,53.725,53,0,9.25,10.5,4.25,24,33.1,25.2325630252101,18.1,69.3,42.3405462184874,20.5,5.75,33.25,48.25,31.75,119,33.1,23.6120595144871,15.2,69.3,45.8961628817541,20.5,47.5,95.75,129,47,319.25,12.33,35.5,7.145,26,0,"no","camera start at 7:15; great video for possible training"
"79","2850-57559","UNK",98,"schaaps","schaaps 98",2021-07-16,"APP","camera",13,2,"late",0.41,"6:21","7:21",3588.985,13,4,9,11,2,9,1,1,0,189.421,46.239,143.182,0,0,0,1,1,1,2,17,15.2,28.2,45.9,0,0,"partly",17.2,17.05,17,52.6,49.225,46.2,9,4.25,9.25,1.5,24,31.6,22.6050607287449,15.2,68.2,45.4805668016194,23.9,28,37.25,45.75,12.5,123.5,33.1,23.6120595144871,15.2,69.3,45.8961628817541,20.5,47.5,95.75,129,47,319.25,21.76,66.5,9.43,31,2,"yes","camera start at 4:45"
"80","2850-57709","2850-57852",2,"hoops","hoops 2",2021-07-07,"ZML","person",3,4,"early",4.88,"5:55","6:55",3600.342,31,16,15,16,3,13,25,25,0,3337.899,2831.498,506.401,2700.635,2459,241.635,3,3,2,2,16.6,16.3,27.8,74.4,0,0,"clear",17.3,16.775,16.3,75.2,74.925,74.6,2.25,10,11.75,0,24,35.1,23.7076923076923,16.6,74.8,53.4591715976331,29.6,5.25,14.5,18.25,4.25,42.25,35.1,23.1274831243973,13.4,76.8,50.4369334619094,21.2,57.5,71.75,88.5,41.5,259.25,3.5725,8.875,3.5725,8.875,0,"no",""
"81","2850-57709","2850-57852",2,"hoops","hoops 2",2021-07-13,"SAM","person",8,4,"mid",NA,"6:22","7:22",3609.91,34,11,23,30,7,23,7,4,3,1764.319,1322.078,442.241,1004.015,1004.015,0,3,3,1,2,19.2,14,30.4,48.6,0,0,"partly",18.8,18.64,18.4,57.6,53.58,49.8,9.5,3.75,4.5,6.25,24,34.4,24.0818024263432,14,76.8,46.2970537261698,21.2,27.25,35.75,44,37.25,144.25,35.1,23.1274831243973,13.4,76.8,50.4369334619094,21.2,57.5,71.75,88.5,41.5,259.25,16.435,36.5,12.8625,27.625,0,"no",""
"82","2850-57709","2850-57852",2,"hoops","hoops 2",2021-07-16,"ZML","person",12,4,"late",3.96,"6:40","7:40",3599.386,42,14,19,30,8,16,4,3,1,599.691,419.269,137.051,187.412,187.412,0,3,3,2,3,14.3,13.6,27,63.1,0,0,"partly",NA,NA,NA,NA,NA,NA,9.25,4.5,10.25,0,24,27,20.8982817869416,13.4,75.1,56.8903780068729,33.9,25,21.5,26.25,0,72.75,35.1,23.1274831243973,13.4,76.8,50.4369334619094,21.2,57.5,71.75,88.5,41.5,259.25,19.675,53.875,3.24,17.375,0,"no",""
"83","2850-57609","2850-57557",6,"cooks","cooks 6",2021-07-08,"MJA","person",4,4,"early",NA,"6:27","7:27",3558.035,2,2,0,11,11,0,10,10,0,NA,NA,NA,NA,NA,NA,1,2,NA,NA,19.1,18.9,31.1,56.7,2,3,"mostly",20.5,19.925,19.3,60,58.1,56.4,0,8,7.25,8.75,24,31.1,25.6935135135135,18.9,64.9,47.1232432432432,25.7,0.25,13.5,15.75,16.75,46.25,35,25.2884375,17.1,64.9,44.9867708333333,24.4,12,70,89.75,68.25,240,4.592,10.4,4.592,10.4,1,"yes","male was not seen during obs, 6:49 landowners walk in to feed horses; 3 nesling data sheets, but missing a parental care obs data sheet;  camera placed directly under nest? Made accurately scoring behavior difficult"
"84","2850-57609","2850-57557",6,"cooks","cooks 6",2021-07-16,"SAM","person",12,4,"late",2.44,"6:30","7:30",3578.863,62,25,37,60,25,35,6,2,4,731.993,224.598,507.395,0,0,0,3,3,2,2,18.5,17.1,28.8,51.6,0,0,"partly",19.3,18.875,18.5,51.2,50.125,49,6,4.75,10.75,2.5,24,28.8,23.1738410596026,17.1,63.8,50.3450331125828,35.6,8.75,29,33.25,4.5,75.5,35,25.2884375,17.1,64.9,44.9867708333333,24.4,12,70,89.75,68.25,240,17.3,50.125,4.4225,16.125,1,"yes","Habituation start at 6:10, no visits and no alarm calls by 6:30, no parents visit after a full hour in the blind. Other birds are feeding nestlings in the main aisle of the barn. Intermittent alarm calling far away outside, but none in barn since 10 minutes after entering the blind. "
"85","2850-57608","2850-57615",5,"urbanfarm","urbanfarm 5",2021-07-15,"APP","camera",9,4,"mid",0.97,"6:25","7:25",3632.506,8,4,4,3,2,1,9,8,1,3533.384,3153.872,379.512,3147.007,2957.222,189.785,1,1,3,3,12.4,12.4,31.2,75.7,NA,NA,"",15.2,13.875,12.7,82,78.825,76.8,8.75,4,9.25,2,24,38.7,24.3523316062176,12.7,74.7,47.570207253886,16.2,27.25,17.5,23,28.75,96.5,42.3,25.534534064213,12.4,82.6,45.095771339076,16.2,77.5,62.75,58,121,319.25,10.825,27,6.4475,16.375,0,"no",""
"86","2850-57608","2850-57615",5,"urbanfarm","urbanfarm 5",2021-07-19,"APP","camera",13,4,"late",0.97,"6:07","7:07",3754.576,39,10,10,37,8,10,0,0,0,849.465,87.93,256.982,0,0,0,3,3,2,2,16,15.4,40.7,63.2,0,0,"clear",17.4,16.5,16,66.9,64.6,63.6,6.75,3.25,3,11,24,40.7,25.5012820512821,12.4,82,43.0889743589744,17.6,28.5,15.5,14.5,39,97.5,42.3,25.534534064213,12.4,82.6,45.095771339076,16.2,77.5,62.75,58,121,319.25,13.8175,47.375,2.9925,20.375,0,"no","Could not reliably sex birds. Use total visitation rate only. "
"87","2850-57556","2850-57538",59,"schaaps","schaaps 59",2021-07-10,"APP","camera",4,4,"early",1.42,"6:52","7:52",3570.469,14,8,6,11,6,5,8,6,2,3232.935,1833.673,1399.262,2455.594,1582.08,873.514,1,2,2,1,20.7,20.7,32.8,51.7,0,0,"mostly",21.6,21.05,20.7,55.2,54.45,53.5,0,0,11.75,12.25,24,33,25.9636138613861,18.7,67.6,41.4920792079208,21.4,2,28.25,39.5,31.25,101,33,24.637890625,16,67.6,41.722421875,21.4,25,95,130.5,69.5,320,5.6225,11.375,5.6225,11.375,1,"yes","camera start 5:40"
"88","2850-57556","2850-57538",59,"schaaps","schaaps 59",2021-07-15,"APP","camera",9,4,"mid",1.02,"6:53","7:53",3574.066,24,12,12,23,11,12,18,17,1,1707.055,1338.757,368.298,250.976,44.604,206.372,3,3,1,1,16.1,16,25.1,60.9,NA,NA,"",17.2,16.775,16.3,64.2,63.35,62.2,2.25,13.5,8.25,0,24,30.7,23.7185416666667,17,63,42.9060416666667,23.8,13.25,37.5,53.75,15.5,120,33,24.637890625,16,67.6,41.722421875,21.4,25,95,130.5,69.5,320,14.8225,36.125,9.2,24.75,1,"yes",""
"89","2850-57556","2850-57538",59,"schaaps","schaaps 59",2021-07-19,"APP","camera",13,4,"late",1.02,"6:51","7:51",3593.304,39,22,17,38,21,17,15,14,1,1064.535,954.413,110.122,0,0,0,3,3,3,2,20.7,19,31.7,43.9,0,0,"clear",21.4,21,20.7,49,48,47,1.5,7.5,6.5,8.5,24,31.7,24.3997474747475,16,64.6,40.5227272727273,24,9.75,29.25,37.25,22.75,99,33,24.637890625,16,67.6,41.722421875,21.4,25,95,130.5,69.5,320,17.925,59.125,3.1025,23,33,"yes",""
"90","2850-57725","2850-57508",11,"hoops","hoops 11",2021-07-11,"ZML","person",3,4,"early",4.8,"8:00","9:00",3599.969,17,9,8,10,2,8,24,21,3,2964.904,1984.489,980.415,1940.953,1367.651,573.302,2,2,1,1,17.5,15.8,30.3,68.8,0,0,"clear",19,18.25,17.5,58.5,58.025,56.8,0,8.75,7.25,8,24,35.8,25.9540192926045,16.2,65.9,42.1951768488746,23.4,8,18,21.25,30.5,77.75,35.8,24.3578801843318,14.7,69.6,45.27133640553,21.1,48,69.75,79.25,74.25,271.25,2.985,8,2.985,8,0,"no",""
"91","2850-57725","2850-57508",11,"hoops","hoops 11",2021-07-16,"APP","person",8,4,"mid",4.8,"6:39","7:39",3574.497,11,4,7,7,3,4,11,11,0,3452.492,2943.056,509.436,2691.635,2691.635,0,2,1,3,3,15.6,14.7,29.1,56.9,0,0,"partly",16.9,16.2,15.7,63,60.475,59.3,9.25,2.75,8.75,3.25,24,32.7,22.9744282744283,14.7,69.6,49.3582120582121,25.5,28.75,33,40.25,18.25,120.25,35.8,24.3578801843318,14.7,69.6,45.27133640553,21.1,48,69.75,79.25,74.25,271.25,12.2625,28.625,9.2775,20.625,0,"no",""
"92","2850-57725","2850-57508",11,"hoops","hoops 11",2021-07-19,"ZML","person",11,4,"late",4.8,"6:15","7:15",3614.687,9,5,4,4,3,1,12,12,0,1673.577,1642.477,31.1,1252.717,1252.717,0,1,1,3,3,18.6,17.8,32.9,50.2,0,0,"clear",18.8,18.55,18.4,54.2,52.8,50.9,3,6.5,4.75,9.75,24,32.9,24.9348122866894,15.6,63,41.8273037542662,21.1,11.25,18.75,17.75,25.5,73.25,35.8,24.3578801843318,14.7,69.6,45.27133640553,21.1,48,69.75,79.25,74.25,271.25,15.785,45.625,3.5225,17,0,"no",""
